Employee_Number,Gender,Year,salary,Start_Date,End_Date,Department,Active_Period
110022,M,1990,82871,1990-12-31,1991-12-31,Marketing,1
110039,M,1990,78405,1990-04-11,1991-04-11,Marketing,1
110085,M,1990,67827,1990-12-31,1991-12-31,Finance,1
110114,F,1990,62593,1990-01-13,1991-01-13,Finance,1
110183,F,1990,59629,1990-12-31,1991-12-31,"Human Resources",1
110228,F,1990,49547,1990-08-03,1991-08-03,"Human Resources",1
110303,F,1990,52603,1990-12-31,1991-12-31,Production,1
110344,F,1990,61115,1990-11-21,1991-11-21,Production,1
110386,M,1990,45922,1990-10-14,1991-10-14,Production,1
110422,M,1990,70892,1990-03-11,1991-03-11,Production,1
110424,M,1990,47391,1990-07-15,1991-07-15,Production,1
110511,M,1990,56962,1990-12-31,1991-12-31,Development,1
110567,F,1990,48535,1990-10-20,1991-10-20,Development,1
110568,M,1990,79785,1990-01-05,2003-08-20,Development,1
110725,F,1990,78503,1990-12-31,1991-12-31,"Quality Management",1
110765,F,1990,42398,1990-01-07,1991-01-07,"Quality Management",1
110800,F,1990,62279,1990-08-11,1991-08-11,"Quality Management",1
110854,M,1990,49012,1990-06-09,1991-06-09,"Quality Management",1
110858,M,1990,79900,1990-06-27,1991-06-27,"Quality Management",1
110866,M,1990,83106,1990-06-18,1994-12-23,"Quality Management",1
111035,M,1990,79900,1990-12-31,1991-12-31,Sales,1
111133,M,1990,82205,1990-12-29,1991-12-29,Sales,1
111145,M,1990,85234,1990-01-05,1995-06-13,Sales,1
111400,M,1990,83722,1990-12-31,1991-12-31,Research,1
111534,F,1990,52484,1990-01-30,1991-01-30,Research,1
111692,F,1990,54618,1990-12-31,1991-12-31,"Customer Service",1
111784,F,1990,44026,1990-02-11,1991-02-11,"Customer Service",1
111939,M,1990,40285,1990-07-10,1991-07-10,"Customer Service",1
111951,F,1990,63124,1990-06-24,1998-06-22,"Customer Service",1
110022,M,1991,82871,1990-12-31,1991-12-31,Marketing,1
110022,M,1991,86797,1991-12-31,1992-12-30,Marketing,1
110039,M,1991,78405,1990-04-11,1991-04-11,Marketing,1
110039,M,1991,81872,1991-04-11,1992-04-10,Marketing,1
110040,M,1991,81872,1991-12-31,1997-12-29,Marketing,1
110049,M,1991,92165,1991-06-09,1992-06-08,Marketing,1
110085,M,1991,67827,1990-12-31,1991-12-31,Finance,1
110085,M,1991,68195,1991-12-31,1992-12-30,Finance,1
110114,F,1991,62593,1990-01-13,1991-01-13,Finance,1
110114,F,1991,63447,1991-01-13,1992-01-13,Finance,1
110183,F,1991,59629,1990-12-31,1991-12-31,"Human Resources",1
110183,F,1991,60356,1991-12-31,1992-12-30,"Human Resources",1
110228,F,1991,49547,1990-08-03,1991-08-03,"Human Resources",1
110228,F,1991,50122,1991-08-03,1992-08-02,"Human Resources",1
110303,F,1991,52603,1990-12-31,1991-12-31,Production,1
110303,F,1991,56607,1991-12-31,1992-12-30,Production,1
110344,F,1991,61115,1990-11-21,1991-11-21,Production,1
110344,F,1991,61937,1991-11-21,1992-11-20,Production,1
110386,M,1991,45922,1990-10-14,1991-10-14,Production,1
110386,M,1991,47117,1991-10-14,1992-10-13,Production,1
110421,M,1991,63707,1991-01-30,1996-06-07,Production,1
110422,M,1991,70892,1990-03-11,1991-03-11,Production,1
110422,M,1991,73495,1991-03-11,1992-03-10,Production,1
110423,M,1991,46736,1991-03-23,1996-03-21,Production,1
110424,M,1991,47391,1990-07-15,1991-07-15,Production,1
110424,M,1991,47804,1991-07-15,1992-07-14,Production,1
110511,M,1991,56962,1990-12-31,1991-12-31,Development,1
110511,M,1991,59070,1991-12-31,1992-12-30,Development,1
110567,F,1991,48535,1990-10-20,1991-10-20,Development,1
110567,F,1991,50276,1991-10-20,1992-10-19,Development,1
110568,M,1991,79785,1990-01-05,2003-08-20,Development,1
110725,F,1991,78503,1990-12-31,1991-12-31,"Quality Management",1
110725,F,1991,81267,1991-12-31,1992-12-30,"Quality Management",1
110765,F,1991,42398,1990-01-07,1991-01-07,"Quality Management",1
110765,F,1991,43017,1991-01-07,1992-01-07,"Quality Management",1
110800,F,1991,62279,1990-08-11,1991-08-11,"Quality Management",1
110800,F,1991,66053,1991-08-11,1992-08-10,"Quality Management",1
110854,M,1991,49012,1990-06-09,1991-06-09,"Quality Management",1
110854,M,1991,49045,1991-06-09,1992-06-08,"Quality Management",1
110857,M,1991,82606,1991-03-04,1996-03-02,"Quality Management",1
110858,M,1991,79900,1990-06-27,1991-06-27,"Quality Management",1
110858,M,1991,81051,1991-06-27,1992-06-26,"Quality Management",1
110862,M,1991,79900,1991-06-09,1992-06-08,"Quality Management",1
110866,M,1991,83106,1990-06-18,1994-12-23,"Quality Management",1
111035,M,1991,79900,1990-12-31,1991-12-31,Sales,1
111035,M,1991,81051,1991-12-31,1992-12-30,Sales,1
111133,M,1991,82205,1990-12-29,1991-12-29,Sales,1
111133,M,1991,83536,1991-12-29,1992-12-28,Sales,1
111143,F,1991,106987,1991-11-21,1999-11-19,Sales,1
111145,M,1991,85234,1990-01-05,1995-06-13,Sales,1
111146,M,1991,85238,1991-01-15,1992-01-15,Sales,1
111148,M,1991,77654,1991-10-14,1992-10-13,Sales,1
111400,M,1991,83722,1990-12-31,1991-12-31,Research,1
111400,M,1991,84159,1991-12-31,1992-12-30,Research,1
111534,F,1991,52484,1990-01-30,1991-01-30,Research,1
111534,F,1991,55619,1991-01-30,1992-01-30,Research,1
111692,F,1991,54618,1990-12-31,1991-12-31,"Customer Service",1
111692,F,1991,55108,1991-12-31,1992-12-30,"Customer Service",1
111784,F,1991,44026,1990-02-11,1991-02-11,"Customer Service",1
111784,F,1991,48315,1991-02-11,1992-02-11,"Customer Service",1
111877,F,1991,53846,1991-08-17,1992-08-16,"Customer Service",1
111939,M,1991,40285,1990-07-10,1991-07-10,"Customer Service",1
111939,M,1991,40514,1991-07-10,1992-07-09,"Customer Service",1
111943,M,1991,79393,1991-03-01,1992-02-29,"Customer Service",1
111951,F,1991,63124,1990-06-24,1998-06-22,"Customer Service",1
110022,M,1992,86797,1991-12-31,1992-12-30,Marketing,1
110022,M,1992,89204,1992-12-30,1993-12-30,Marketing,1
110039,M,1992,81872,1991-04-11,1992-04-10,Marketing,1
110039,M,1992,83722,1992-04-10,1993-04-10,Marketing,1
110040,M,1992,81872,1991-12-31,1997-12-29,Marketing,1
110043,F,1992,83722,1992-11-20,1993-11-20,Marketing,1
110049,M,1992,92165,1991-06-09,1992-06-08,Marketing,1
110049,M,1992,94165,1992-06-08,1993-06-08,Marketing,1
110085,M,1992,68195,1991-12-31,1992-12-30,Finance,1
110085,M,1992,70253,1992-12-30,1993-12-30,Finance,1
110114,F,1992,63447,1991-01-13,1992-01-13,Finance,1
110114,F,1992,67322,1992-01-13,1993-01-12,Finance,1
110183,F,1992,60356,1991-12-31,1992-12-30,"Human Resources",1
110183,F,1992,63677,1992-12-30,1993-12-30,"Human Resources",1
110228,F,1992,50122,1991-08-03,1992-08-02,"Human Resources",1
110228,F,1992,49867,1992-08-02,1993-08-02,"Human Resources",1
110236,F,1992,62437,1992-05-04,1993-05-04,"Human Resources",1
110237,M,1992,67927,1992-10-01,1993-10-01,"Human Resources",1
110303,F,1992,56607,1991-12-31,1992-12-30,Production,1
110303,F,1992,57246,1992-12-30,1993-12-30,Production,1
110344,F,1992,61937,1991-11-21,1992-11-20,Production,1
110344,F,1992,62145,1992-11-20,1993-11-20,Production,1
110386,M,1992,47117,1991-10-14,1992-10-13,Production,1
110386,M,1992,47794,1992-10-13,1993-10-13,Production,1
110420,M,1992,40000,1992-02-05,1993-02-04,Production,1
110421,M,1992,63707,1991-01-30,1996-06-07,Production,1
110422,M,1992,73495,1991-03-11,1992-03-10,Production,1
110422,M,1992,41500,1992-03-10,1993-03-10,Production,1
110423,M,1992,46736,1991-03-23,1996-03-21,Production,1
110424,M,1992,47804,1991-07-15,1992-07-14,Production,1
110424,M,1992,48362,1992-07-14,1993-07-14,Production,1
110425,M,1992,60273,1992-12-30,2001-12-28,Production,1
110511,M,1992,59070,1991-12-31,1992-12-30,Development,1
110511,M,1992,62206,1992-12-30,1993-12-30,Development,1
110567,F,1992,50276,1991-10-20,1992-10-19,Development,1
110567,F,1992,53205,1992-10-19,1993-10-19,Development,1
110568,M,1992,79785,1990-01-05,2003-08-20,Development,1
110573,M,1992,76010,1992-06-14,1994-01-11,Development,1
110577,F,1992,64531,1992-01-29,1996-09-27,Development,1
110725,F,1992,81267,1991-12-31,1992-12-30,"Quality Management",1
110725,F,1992,81256,1992-12-30,1993-12-30,"Quality Management",1
110765,F,1992,43017,1991-01-07,1992-01-07,"Quality Management",1
110765,F,1992,44539,1992-01-07,1993-01-06,"Quality Management",1
110800,F,1992,66053,1991-08-11,1992-08-10,"Quality Management",1
110800,F,1992,66942,1992-08-10,1993-08-10,"Quality Management",1
110854,M,1992,49045,1991-06-09,1992-06-08,"Quality Management",1
110854,M,1992,52367,1992-06-08,1993-06-08,"Quality Management",1
110857,M,1992,82606,1991-03-04,1996-03-02,"Quality Management",1
110858,M,1992,81051,1991-06-27,1992-06-26,"Quality Management",1
110858,M,1992,81606,1992-06-26,1993-06-26,"Quality Management",1
110862,M,1992,79900,1991-06-09,1992-06-08,"Quality Management",1
110862,M,1992,81051,1992-06-08,1993-06-08,"Quality Management",1
110865,F,1992,82606,1992-03-03,1997-03-02,"Quality Management",1
110866,M,1992,83106,1990-06-18,1994-12-23,"Quality Management",1
111035,M,1992,81051,1991-12-31,1992-12-30,Sales,1
111035,M,1992,81606,1992-12-30,1993-12-30,Sales,1
111133,M,1992,83536,1991-12-29,1992-12-28,Sales,1
111133,M,1992,86775,1992-12-28,1993-12-28,Sales,1
111134,M,1992,79900,1992-06-13,1998-06-12,Sales,1
111143,F,1992,106987,1991-11-21,1999-11-19,Sales,1
111144,M,1992,90234,1992-06-13,1993-06-13,Sales,1
111145,M,1992,85234,1990-01-05,1995-06-13,Sales,1
111146,M,1992,85238,1991-01-15,1992-01-15,Sales,1
111146,M,1992,85888,1992-01-15,1993-01-14,Sales,1
111148,M,1992,77654,1991-10-14,1992-10-13,Sales,1
111148,M,1992,78654,1992-10-13,1993-10-13,Sales,1
111400,M,1992,84159,1991-12-31,1992-12-30,Research,1
111400,M,1992,84862,1992-12-30,1993-12-30,Research,1
111534,F,1992,55619,1991-01-30,1992-01-30,Research,1
111534,F,1992,59574,1992-01-30,1993-01-29,Research,1
111537,M,1992,81793,1992-06-13,1998-06-12,Research,1
111692,F,1992,55108,1991-12-31,1992-12-30,"Customer Service",1
111692,F,1992,58465,1992-12-30,1993-12-30,"Customer Service",1
111784,F,1992,48315,1991-02-11,1992-02-11,"Customer Service",1
111784,F,1992,48079,1992-02-11,1993-02-10,"Customer Service",1
111877,F,1992,53846,1991-08-17,1992-08-16,"Customer Service",1
111877,F,1992,54158,1992-08-16,1993-08-16,"Customer Service",1
111939,M,1992,40514,1991-07-10,1992-07-09,"Customer Service",1
111939,M,1992,44046,1992-07-09,1993-07-09,"Customer Service",1
111941,M,1992,80488,1992-09-28,1993-09-28,"Customer Service",1
111943,M,1992,79393,1991-03-01,1992-02-29,"Customer Service",1
111943,M,1992,79758,1992-02-29,1993-02-28,"Customer Service",1
111949,M,1992,79393,1992-01-22,1993-01-21,"Customer Service",1
111951,F,1992,63124,1990-06-24,1998-06-22,"Customer Service",1
110022,M,1993,89204,1992-12-30,1993-12-30,Marketing,1
110022,M,1993,92165,1993-12-30,1994-12-30,Marketing,1
110039,M,1993,83722,1992-04-10,1993-04-10,Marketing,1
110039,M,1993,85016,1993-04-10,1994-04-10,Marketing,1
110040,M,1993,81872,1991-12-31,1997-12-29,Marketing,1
110041,F,1993,82500,1993-08-02,1994-08-02,Marketing,1
110042,M,1993,85000,1993-12-30,2000-12-28,Marketing,1
110043,F,1993,83722,1992-11-20,1993-11-20,Marketing,1
110043,F,1993,84722,1993-11-20,1994-11-20,Marketing,1
110047,F,1993,78950,1993-01-06,1994-01-06,Marketing,1
110049,M,1993,94165,1992-06-08,1993-06-08,Marketing,1
110049,M,1993,96165,1993-06-08,1999-06-07,Marketing,1
110085,M,1993,70253,1992-12-30,1993-12-30,Finance,1
110085,M,1993,72727,1993-12-30,1994-12-30,Finance,1
110114,F,1993,67322,1992-01-13,1993-01-12,Finance,1
110114,F,1993,67761,1993-01-12,1994-01-12,Finance,1
110115,F,1993,83457,1993-12-30,1994-12-30,Finance,1
110124,M,1993,65000,1993-06-08,2001-06-06,Finance,1
110125,M,1993,66000,1993-12-30,1994-12-30,Finance,1
110183,F,1993,63677,1992-12-30,1993-12-30,"Human Resources",1
110183,F,1993,63190,1993-12-30,1994-12-30,"Human Resources",1
110228,F,1993,49867,1992-08-02,1993-08-02,"Human Resources",1
110228,F,1993,51472,1993-08-02,1994-08-02,"Human Resources",1
110230,M,1993,57107,1993-10-16,1994-10-16,"Human Resources",1
110234,F,1993,68983,1993-12-02,1994-12-02,"Human Resources",1
110236,F,1993,62437,1992-05-04,1993-05-04,"Human Resources",1
110236,F,1993,62645,1993-05-04,1994-05-04,"Human Resources",1
110237,M,1993,67927,1992-10-01,1993-10-01,"Human Resources",1
110237,M,1993,67680,1993-10-01,1994-10-01,"Human Resources",1
110240,F,1993,72345,1993-05-29,1999-05-29,"Human Resources",1
110303,F,1993,57246,1992-12-30,1993-12-30,Production,1
110303,F,1993,59135,1993-12-30,1994-12-30,Production,1
110344,F,1993,62145,1992-11-20,1993-11-20,Production,1
110344,F,1993,63370,1993-11-20,1994-11-20,Production,1
110386,M,1993,47794,1992-10-13,1993-10-13,Production,1
110386,M,1993,51381,1993-10-13,1994-10-13,Production,1
110420,M,1993,40000,1992-02-05,1993-02-04,Production,1
110420,M,1993,40762,1993-02-04,1994-02-04,Production,1
110421,M,1993,63707,1991-01-30,1996-06-07,Production,1
110422,M,1993,41500,1992-03-10,1993-03-10,Production,1
110422,M,1993,42262,1993-03-10,1993-07-18,Production,1
110423,M,1993,46736,1991-03-23,1996-03-21,Production,1
110424,M,1993,48362,1992-07-14,1993-07-14,Production,1
110424,M,1993,49553,1993-07-14,1994-07-14,Production,1
110425,M,1993,60273,1992-12-30,2001-12-28,Production,1
110426,M,1993,60478,1993-04-25,1998-10-18,Production,1
110427,M,1993,63154,1993-03-30,1994-03-30,Production,1
110511,M,1993,62206,1992-12-30,1993-12-30,Development,1
110511,M,1993,64431,1993-12-30,1994-12-30,Development,1
110567,F,1993,53205,1992-10-19,1993-10-19,Development,1
110567,F,1993,57384,1993-10-19,1994-10-19,Development,1
110568,M,1993,79785,1990-01-05,2003-08-20,Development,1
110572,M,1993,64329,1993-02-20,1994-02-20,Development,1
110573,M,1993,76010,1992-06-14,1994-01-11,Development,1
110577,F,1993,64531,1992-01-29,1996-09-27,Development,1
110725,F,1993,81256,1992-12-30,1993-12-30,"Quality Management",1
110725,F,1993,85203,1993-12-30,1994-12-30,"Quality Management",1
110765,F,1993,44539,1992-01-07,1993-01-06,"Quality Management",1
110765,F,1993,48835,1993-01-06,1994-01-06,"Quality Management",1
110800,F,1993,66942,1992-08-10,1993-08-10,"Quality Management",1
110800,F,1993,69751,1993-08-10,1994-08-10,"Quality Management",1
110854,M,1993,52367,1992-06-08,1993-06-08,"Quality Management",1
110854,M,1993,54681,1993-06-08,1994-06-08,"Quality Management",1
110856,F,1993,79900,1993-05-12,1994-05-12,"Quality Management",1
110857,M,1993,82606,1991-03-04,1996-03-02,"Quality Management",1
110858,M,1993,81606,1992-06-26,1993-06-26,"Quality Management",1
110858,M,1993,82106,1993-06-26,1995-06-26,"Quality Management",1
110860,F,1993,79900,1993-01-06,1994-01-06,"Quality Management",1
110862,M,1993,81051,1992-06-08,1993-06-08,"Quality Management",1
110862,M,1993,81606,1993-06-08,1994-06-08,"Quality Management",1
110865,F,1993,82606,1992-03-03,1997-03-02,"Quality Management",1
110866,M,1993,83106,1990-06-18,1994-12-23,"Quality Management",1
110867,M,1993,83606,1993-05-17,1998-05-16,"Quality Management",1
111035,M,1993,81606,1992-12-30,1993-12-30,Sales,1
111035,M,1993,85997,1993-12-30,1994-12-30,Sales,1
111133,M,1993,86775,1992-12-28,1993-12-28,Sales,1
111133,M,1993,86880,1993-12-28,1994-12-28,Sales,1
111134,M,1993,79900,1992-06-13,1998-06-12,Sales,1
111137,M,1993,92286,1993-05-04,1994-05-04,Sales,1
111141,F,1993,94207,1993-06-20,1999-06-19,Sales,1
111143,F,1993,106987,1991-11-21,1999-11-19,Sales,1
111144,M,1993,90234,1992-06-13,1993-06-13,Sales,1
111144,M,1993,91234,1993-06-13,1994-06-13,Sales,1
111145,M,1993,85234,1990-01-05,1995-06-13,Sales,1
111146,M,1993,85888,1992-01-15,1993-01-14,Sales,1
111146,M,1993,86538,1993-01-14,1994-01-14,Sales,1
111148,M,1993,78654,1992-10-13,1993-10-13,Sales,1
111148,M,1993,79654,1993-10-13,1994-10-13,Sales,1
111400,M,1993,84862,1992-12-30,1993-12-30,Research,1
111400,M,1993,84867,1993-12-30,1994-12-30,Research,1
111534,F,1993,59574,1992-01-30,1993-01-29,Research,1
111534,F,1993,62784,1993-01-29,1994-01-29,Research,1
111537,M,1993,81793,1992-06-13,1998-06-12,Research,1
111540,F,1993,67187,1993-05-04,1998-05-03,Research,1
111544,M,1993,84993,1993-06-20,1994-06-20,Research,1
111692,F,1993,58465,1992-12-30,1993-12-30,"Customer Service",1
111692,F,1993,58423,1993-12-30,1994-12-30,"Customer Service",1
111784,F,1993,48079,1992-02-11,1993-02-10,"Customer Service",1
111784,F,1993,48181,1993-02-10,1994-02-10,"Customer Service",1
111877,F,1993,54158,1992-08-16,1993-08-16,"Customer Service",1
111877,F,1993,57342,1993-08-16,1994-08-16,"Customer Service",1
111939,M,1993,44046,1992-07-09,1993-07-09,"Customer Service",1
111939,M,1993,48317,1993-07-09,1994-07-09,"Customer Service",1
111941,M,1993,80488,1992-09-28,1993-09-28,"Customer Service",1
111941,M,1993,80853,1993-09-28,1994-09-28,"Customer Service",1
111943,M,1993,79758,1992-02-29,1993-02-28,"Customer Service",1
111943,M,1993,80123,1993-02-28,1999-02-27,"Customer Service",1
111949,M,1993,79393,1992-01-22,1993-01-21,"Customer Service",1
111949,M,1993,79758,1993-01-21,1994-01-21,"Customer Service",1
111950,F,1993,62500,1993-08-25,1998-08-24,"Customer Service",1
111951,F,1993,63124,1990-06-24,1998-06-22,"Customer Service",1
110022,M,1994,92165,1993-12-30,1994-12-30,Marketing,1
110022,M,1994,97286,1994-12-30,1995-12-30,Marketing,1
110039,M,1994,85016,1993-04-10,1994-04-10,Marketing,1
110039,M,1994,88421,1994-04-10,1995-04-10,Marketing,1
110040,M,1994,81872,1991-12-31,1997-12-29,Marketing,1
110041,F,1994,82500,1993-08-02,1994-08-02,Marketing,1
110041,F,1994,83500,1994-08-02,1995-08-02,Marketing,1
110042,M,1994,85000,1993-12-30,2000-12-28,Marketing,1
110043,F,1994,84722,1993-11-20,1994-11-20,Marketing,1
110043,F,1994,85722,1994-11-20,1997-11-19,Marketing,1
110047,F,1994,78950,1993-01-06,1994-01-06,Marketing,1
110047,F,1994,80950,1994-01-06,1995-01-06,Marketing,1
110048,M,1994,92165,1994-08-10,1999-08-09,Marketing,1
110049,M,1994,96165,1993-06-08,1999-06-07,Marketing,1
110085,M,1994,72727,1993-12-30,1994-12-30,Finance,1
110085,M,1994,75335,1994-12-30,1995-12-30,Finance,1
110114,F,1994,67761,1993-01-12,1994-01-12,Finance,1
110114,F,1994,68166,1994-01-12,1995-01-12,Finance,1
110115,F,1994,83457,1993-12-30,1994-12-30,Finance,1
110115,F,1994,84457,1994-12-30,1995-12-30,Finance,1
110118,M,1994,84460,1994-11-20,1999-11-19,Finance,1
110124,M,1994,65000,1993-06-08,2001-06-06,Finance,1
110125,M,1994,66000,1993-12-30,1994-12-30,Finance,1
110125,M,1994,67057,1994-12-30,1995-12-30,Finance,1
110183,F,1994,63190,1993-12-30,1994-12-30,"Human Resources",1
110183,F,1994,64652,1994-12-30,1995-12-30,"Human Resources",1
110228,F,1994,51472,1993-08-02,1994-08-02,"Human Resources",1
110228,F,1994,55445,1994-08-02,1995-08-02,"Human Resources",1
110229,M,1994,53103,1994-11-25,2001-11-23,"Human Resources",1
110230,M,1994,57107,1993-10-16,1994-10-16,"Human Resources",1
110230,M,1994,57746,1994-10-16,1995-10-16,"Human Resources",1
110234,F,1994,68983,1993-12-02,1994-12-02,"Human Resources",1
110234,F,1994,70657,1994-12-02,1995-12-02,"Human Resources",1
110236,F,1994,62645,1993-05-04,1994-05-04,"Human Resources",1
110236,F,1994,63870,1994-05-04,1995-05-04,"Human Resources",1
110237,M,1994,67680,1993-10-01,1994-10-01,"Human Resources",1
110237,M,1994,70676,1994-10-01,2000-09-29,"Human Resources",1
110238,F,1994,65000,1994-05-15,1997-05-15,"Human Resources",1
110240,F,1994,72345,1993-05-29,1999-05-29,"Human Resources",1
110303,F,1994,59135,1993-12-30,1994-12-30,Production,1
110303,F,1994,60568,1994-12-30,1995-12-30,Production,1
110344,F,1994,63370,1993-11-20,1994-11-20,Production,1
110344,F,1994,63705,1994-11-20,1995-11-20,Production,1
110386,M,1994,51381,1993-10-13,1994-10-13,Production,1
110386,M,1994,56926,1994-10-13,1995-10-13,Production,1
110420,M,1994,40762,1993-02-04,1994-02-04,Production,1
110420,M,1994,45236,1994-02-04,1995-02-04,Production,1
110421,M,1994,63707,1991-01-30,1996-06-07,Production,1
110423,M,1994,46736,1991-03-23,1996-03-21,Production,1
110424,M,1994,49553,1993-07-14,1994-07-14,Production,1
110425,M,1994,60273,1992-12-30,2001-12-28,Production,1
110426,M,1994,60478,1993-04-25,1998-10-18,Production,1
110427,M,1994,63154,1993-03-30,1994-03-30,Production,1
110427,M,1994,65207,1994-03-30,1995-03-30,Production,1
110511,M,1994,64431,1993-12-30,1994-12-30,Development,1
110511,M,1994,69656,1994-12-30,1995-12-30,Development,1
110567,F,1994,57384,1993-10-19,1994-10-19,Development,1
110567,F,1994,56966,1994-10-19,1995-10-19,Development,1
110568,M,1994,79785,1990-01-05,2003-08-20,Development,1
110569,M,1994,79403,1994-10-03,1995-10-03,Development,1
110572,M,1994,64329,1993-02-20,1994-02-20,Development,1
110572,M,1994,64749,1994-02-20,1995-02-20,Development,1
110573,M,1994,76010,1992-06-14,1994-01-11,Development,1
110574,F,1994,81285,1994-11-30,1995-11-30,Development,1
110577,F,1994,64531,1992-01-29,1996-09-27,Development,1
110725,F,1994,85203,1993-12-30,1994-12-30,"Quality Management",1
110725,F,1994,85990,1994-12-30,1995-12-30,"Quality Management",1
110765,F,1994,48835,1993-01-06,1994-01-06,"Quality Management",1
110765,F,1994,50072,1994-01-06,1995-01-06,"Quality Management",1
110800,F,1994,69751,1993-08-10,1994-08-10,"Quality Management",1
110800,F,1994,70257,1994-08-10,1995-08-10,"Quality Management",1
110854,M,1994,54681,1993-06-08,1994-06-08,"Quality Management",1
110854,M,1994,58346,1994-06-08,1995-06-08,"Quality Management",1
110855,M,1994,78376,1994-05-14,2000-05-12,"Quality Management",1
110856,F,1994,79900,1993-05-12,1994-05-12,"Quality Management",1
110856,F,1994,81051,1994-05-12,1995-05-12,"Quality Management",1
110857,M,1994,82606,1991-03-04,1996-03-02,"Quality Management",1
110858,M,1994,82106,1993-06-26,1995-06-26,"Quality Management",1
110860,F,1994,79900,1993-01-06,1994-01-06,"Quality Management",1
110860,F,1994,81051,1994-01-06,1995-01-06,"Quality Management",1
110861,F,1994,83106,1994-08-10,1999-08-09,"Quality Management",1
110862,M,1994,81606,1993-06-08,1994-06-08,"Quality Management",1
110862,M,1994,82106,1994-06-08,1999-06-07,"Quality Management",1
110864,M,1994,79900,1994-05-12,1995-05-12,"Quality Management",1
110865,F,1994,82606,1992-03-03,1997-03-02,"Quality Management",1
110866,M,1994,83106,1990-06-18,1994-12-23,"Quality Management",1
110867,M,1994,83606,1993-05-17,1998-05-16,"Quality Management",1
110868,M,1994,81051,1994-12-30,1995-12-30,"Quality Management",1
111035,M,1994,85997,1993-12-30,1994-12-30,Sales,1
111035,M,1994,90575,1994-12-30,1995-12-30,Sales,1
111133,M,1994,86880,1993-12-28,1994-12-28,Sales,1
111133,M,1994,92709,1994-12-28,1995-12-28,Sales,1
111134,M,1994,79900,1992-06-13,1998-06-12,Sales,1
111135,M,1994,81051,1994-01-14,1995-01-14,Sales,1
111136,M,1994,92441,1994-06-13,2001-06-11,Sales,1
111137,M,1994,92286,1993-05-04,1994-05-04,Sales,1
111137,M,1994,93704,1994-05-04,1995-05-04,Sales,1
111141,F,1994,94207,1993-06-20,1999-06-19,Sales,1
111143,F,1994,106987,1991-11-21,1999-11-19,Sales,1
111144,M,1994,91234,1993-06-13,1994-06-13,Sales,1
111144,M,1994,92234,1994-06-13,1995-06-13,Sales,1
111145,M,1994,85234,1990-01-05,1995-06-13,Sales,1
111146,M,1994,86538,1993-01-14,1994-01-14,Sales,1
111146,M,1994,87188,1994-01-14,1996-01-14,Sales,1
111148,M,1994,79654,1993-10-13,1994-10-13,Sales,1
111148,M,1994,80654,1994-10-13,1997-10-12,Sales,1
111400,M,1994,84867,1993-12-30,1994-12-30,Research,1
111400,M,1994,90959,1994-12-30,1995-12-30,Research,1
111534,F,1994,62784,1993-01-29,1994-01-29,Research,1
111534,F,1994,63875,1994-01-29,1995-01-29,Research,1
111537,M,1994,81793,1992-06-13,1998-06-12,Research,1
111538,M,1994,82593,1994-01-14,1995-01-14,Research,1
111539,F,1994,65012,1994-06-13,1995-06-13,Research,1
111540,F,1994,67187,1993-05-04,1998-05-03,Research,1
111544,M,1994,84993,1993-06-20,1994-06-20,Research,1
111544,M,1994,85793,1994-06-20,1995-06-20,Research,1
111692,F,1994,58423,1993-12-30,1994-12-30,"Customer Service",1
111692,F,1994,62441,1994-12-30,1995-12-30,"Customer Service",1
111784,F,1994,48181,1993-02-10,1994-02-10,"Customer Service",1
111784,F,1994,48273,1994-02-10,1995-02-10,"Customer Service",1
111877,F,1994,57342,1993-08-16,1994-08-16,"Customer Service",1
111877,F,1994,59020,1994-08-16,1995-08-16,"Customer Service",1
111939,M,1994,48317,1993-07-09,1994-07-09,"Customer Service",1
111939,M,1994,51325,1994-07-09,1995-07-09,"Customer Service",1
111941,M,1994,80853,1993-09-28,1994-09-28,"Customer Service",1
111941,M,1994,81218,1994-09-28,1998-09-27,"Customer Service",1
111942,F,1994,66715,1994-05-02,1999-05-01,"Customer Service",1
111943,M,1994,80123,1993-02-28,1999-02-27,"Customer Service",1
111945,F,1994,86715,1994-02-01,1999-01-31,"Customer Service",1
111949,M,1994,79758,1993-01-21,1994-01-21,"Customer Service",1
111949,M,1994,80123,1994-01-21,1998-01-20,"Customer Service",1
111950,F,1994,62500,1993-08-25,1998-08-24,"Customer Service",1
111951,F,1994,63124,1990-06-24,1998-06-22,"Customer Service",1
111952,M,1994,79393,1994-05-29,1995-05-29,"Customer Service",1
110022,M,1995,97286,1994-12-30,1995-12-30,Marketing,1
110022,M,1995,99647,1995-12-30,1996-12-29,Marketing,1
110039,M,1995,88421,1994-04-10,1995-04-10,Marketing,1
110039,M,1995,91503,1995-04-10,1996-04-09,Marketing,1
110040,M,1995,81872,1991-12-31,1997-12-29,Marketing,1
110041,F,1995,83500,1994-08-02,1995-08-02,Marketing,1
110041,F,1995,84500,1995-08-02,1998-08-01,Marketing,1
110042,M,1995,85000,1993-12-30,2000-12-28,Marketing,1
110043,F,1995,85722,1994-11-20,1997-11-19,Marketing,1
110044,F,1995,86722,1995-10-13,2000-10-11,Marketing,1
110045,M,1995,87722,1995-02-04,1996-02-04,Marketing,1
110047,F,1995,80950,1994-01-06,1995-01-06,Marketing,1
110047,F,1995,82950,1995-01-06,1999-01-05,Marketing,1
110048,M,1995,92165,1994-08-10,1999-08-09,Marketing,1
110049,M,1995,96165,1993-06-08,1999-06-07,Marketing,1
110085,M,1995,75335,1994-12-30,1995-12-30,Finance,1
110085,M,1995,78173,1995-12-30,1996-12-29,Finance,1
110114,F,1995,68166,1994-01-12,1995-01-12,Finance,1
110114,F,1995,71652,1995-01-12,1996-01-12,Finance,1
110115,F,1995,84457,1994-12-30,1995-12-30,Finance,1
110115,F,1995,83458,1995-12-30,1999-12-29,Finance,1
110116,F,1995,84458,1995-08-02,2000-07-31,Finance,1
110117,M,1995,83459,1995-12-30,1996-12-29,Finance,1
110118,M,1995,84460,1994-11-20,1999-11-19,Finance,1
110122,F,1995,85687,1995-01-06,2001-01-04,Finance,1
110124,M,1995,65000,1993-06-08,2001-06-06,Finance,1
110125,M,1995,67057,1994-12-30,1995-12-30,Finance,1
110125,M,1995,68458,1995-12-30,2000-12-28,Finance,1
110183,F,1995,64652,1994-12-30,1995-12-30,"Human Resources",1
110183,F,1995,66530,1995-12-30,1996-12-29,"Human Resources",1
110228,F,1995,55445,1994-08-02,1995-08-02,"Human Resources",1
110228,F,1995,55733,1995-08-02,1996-08-01,"Human Resources",1
110229,M,1995,53103,1994-11-25,2001-11-23,"Human Resources",1
110230,M,1995,57746,1994-10-16,1995-10-16,"Human Resources",1
110230,M,1995,59635,1995-10-16,1998-10-15,"Human Resources",1
110232,M,1995,60662,1995-12-31,1996-12-30,"Human Resources",1
110234,F,1995,70657,1994-12-02,1995-12-02,"Human Resources",1
110234,F,1995,73083,1995-12-02,1999-12-01,"Human Resources",1
110235,M,1995,61615,1995-07-06,2000-07-04,"Human Resources",1
110236,F,1995,63870,1994-05-04,1995-05-04,"Human Resources",1
110236,F,1995,64205,1995-05-04,2000-05-02,"Human Resources",1
110237,M,1995,70676,1994-10-01,2000-09-29,"Human Resources",1
110238,F,1995,65000,1994-05-15,1997-05-15,"Human Resources",1
110240,F,1995,72345,1993-05-29,1999-05-29,"Human Resources",1
110303,F,1995,60568,1994-12-30,1995-12-30,Production,1
110303,F,1995,60162,1995-12-30,1996-12-29,Production,1
110344,F,1995,63705,1994-11-20,1995-11-20,Production,1
110344,F,1995,67427,1995-11-20,1996-11-19,Production,1
110386,M,1995,56926,1994-10-13,1995-10-13,Production,1
110386,M,1995,59028,1995-10-13,1996-10-12,Production,1
110420,M,1995,45236,1994-02-04,1995-02-04,Production,1
110420,M,1995,45891,1995-02-04,1996-02-04,Production,1
110421,M,1995,63707,1991-01-30,1996-06-07,Production,1
110423,M,1995,46736,1991-03-23,1996-03-21,Production,1
110425,M,1995,60273,1992-12-30,2001-12-28,Production,1
110426,M,1995,60478,1993-04-25,1998-10-18,Production,1
110427,M,1995,65207,1994-03-30,1995-03-30,Production,1
110427,M,1995,72392,1995-03-30,1996-03-29,Production,1
110429,F,1995,48891,1995-06-14,1996-06-13,Production,1
110511,M,1995,69656,1994-12-30,1995-12-30,Development,1
110511,M,1995,73698,1995-12-30,1996-12-29,Development,1
110567,F,1995,56966,1994-10-19,1995-10-19,Development,1
110567,F,1995,59878,1995-10-19,1996-10-18,Development,1
110568,M,1995,79785,1990-01-05,2003-08-20,Development,1
110569,M,1995,79403,1994-10-03,1995-10-03,Development,1
110569,M,1995,50035,1995-10-03,1996-10-02,Development,1
110572,M,1995,64749,1994-02-20,1995-02-20,Development,1
110572,M,1995,64987,1995-02-20,1996-02-20,Development,1
110574,F,1995,81285,1994-11-30,1995-11-30,Development,1
110574,F,1995,80903,1995-11-30,1996-11-29,Development,1
110575,F,1995,60384,1995-03-26,2000-09-17,Development,1
110576,M,1995,59966,1995-02-28,1996-02-28,Development,1
110577,F,1995,64531,1992-01-29,1996-09-27,Development,1
110578,F,1995,65854,1995-03-12,1997-03-12,Development,1
110725,F,1995,85990,1994-12-30,1995-12-30,"Quality Management",1
110725,F,1995,87997,1995-12-30,1996-12-29,"Quality Management",1
110765,F,1995,50072,1994-01-06,1995-01-06,"Quality Management",1
110765,F,1995,54169,1995-01-06,1996-01-06,"Quality Management",1
110800,F,1995,70257,1994-08-10,1995-08-10,"Quality Management",1
110800,F,1995,72277,1995-08-10,1996-08-09,"Quality Management",1
110854,M,1995,58346,1994-06-08,1995-06-08,"Quality Management",1
110854,M,1995,61984,1995-06-08,1996-06-07,"Quality Management",1
110855,M,1995,78376,1994-05-14,2000-05-12,"Quality Management",1
110856,F,1995,81051,1994-05-12,1995-05-12,"Quality Management",1
110856,F,1995,81606,1995-05-12,1996-05-11,"Quality Management",1
110857,M,1995,82606,1991-03-04,1996-03-02,"Quality Management",1
110858,M,1995,82106,1993-06-26,1995-06-26,"Quality Management",1
110860,F,1995,81051,1994-01-06,1995-01-06,"Quality Management",1
110860,F,1995,81606,1995-01-06,1996-01-06,"Quality Management",1
110861,F,1995,83106,1994-08-10,1999-08-09,"Quality Management",1
110862,M,1995,82106,1994-06-08,1999-06-07,"Quality Management",1
110863,M,1995,82606,1995-05-14,2001-05-12,"Quality Management",1
110864,M,1995,79900,1994-05-12,1995-05-12,"Quality Management",1
110864,M,1995,81051,1995-05-12,1996-05-11,"Quality Management",1
110865,F,1995,82606,1992-03-03,1997-03-02,"Quality Management",1
110867,M,1995,83606,1993-05-17,1998-05-16,"Quality Management",1
110868,M,1995,81051,1994-12-30,1995-12-30,"Quality Management",1
110868,M,1995,81606,1995-12-30,2000-12-28,"Quality Management",1
111035,M,1995,90575,1994-12-30,1995-12-30,Sales,1
111035,M,1995,92441,1995-12-30,1996-12-29,Sales,1
111133,M,1995,92709,1994-12-28,1995-12-28,Sales,1
111133,M,1995,94207,1995-12-28,1996-12-27,Sales,1
111134,M,1995,79900,1992-06-13,1998-06-12,Sales,1
111135,M,1995,81051,1994-01-14,1995-01-14,Sales,1
111135,M,1995,81606,1995-01-14,1996-01-14,Sales,1
111136,M,1995,92441,1994-06-13,2001-06-11,Sales,1
111137,M,1995,93704,1994-05-04,1995-05-04,Sales,1
111137,M,1995,95487,1995-05-04,1996-05-03,Sales,1
111139,M,1995,82205,1995-07-19,9997-06-15,Sales,1
111141,F,1995,94207,1993-06-20,1999-06-19,Sales,1
111142,M,1995,93907,1995-01-22,1996-01-22,Sales,1
111143,F,1995,106987,1991-11-21,1999-11-19,Sales,1
111144,M,1995,92234,1994-06-13,1995-06-13,Sales,1
111144,M,1995,93234,1995-06-13,1996-06-12,Sales,1
111145,M,1995,85234,1990-01-05,1995-06-13,Sales,1
111146,M,1995,87188,1994-01-14,1996-01-14,Sales,1
111147,F,1995,84485,1995-10-06,2001-10-04,Sales,1
111148,M,1995,80654,1994-10-13,1997-10-12,Sales,1
111150,F,1995,64535,1995-05-29,2000-05-29,Sales,1
111400,M,1995,90959,1994-12-30,1995-12-30,Research,1
111400,M,1995,92902,1995-12-30,1996-12-29,Research,1
111534,F,1995,63875,1994-01-29,1995-01-29,Research,1
111534,F,1995,66978,1995-01-29,1996-01-29,Research,1
111537,M,1995,81793,1992-06-13,1998-06-12,Research,1
111538,M,1995,82593,1994-01-14,1995-01-14,Research,1
111538,M,1995,83393,1995-01-14,1996-01-14,Research,1
111539,F,1995,65012,1994-06-13,1995-06-13,Research,1
111539,F,1995,65737,1995-06-13,1996-06-12,Research,1
111540,F,1995,67187,1993-05-04,1998-05-03,Research,1
111542,M,1995,81793,1995-07-19,1996-07-18,Research,1
111544,M,1995,85793,1994-06-20,1995-06-20,Research,1
111544,M,1995,86593,1995-06-20,1999-06-19,Research,1
111692,F,1995,62441,1994-12-30,1995-12-30,"Customer Service",1
111692,F,1995,62541,1995-12-30,1996-12-29,"Customer Service",1
111784,F,1995,48273,1994-02-10,1995-02-10,"Customer Service",1
111784,F,1995,49770,1995-02-10,1996-02-10,"Customer Service",1
111877,F,1995,59020,1994-08-16,1995-08-16,"Customer Service",1
111877,F,1995,61093,1995-08-16,1996-08-15,"Customer Service",1
111939,M,1995,51325,1994-07-09,1995-07-09,"Customer Service",1
111939,M,1995,51905,1995-07-09,1996-07-08,"Customer Service",1
111941,M,1995,81218,1994-09-28,1998-09-27,"Customer Service",1
111942,F,1995,66715,1994-05-02,1999-05-01,"Customer Service",1
111943,M,1995,80123,1993-02-28,1999-02-27,"Customer Service",1
111944,F,1995,66715,1995-02-03,2001-02-01,"Customer Service",1
111945,F,1995,86715,1994-02-01,1999-01-31,"Customer Service",1
111946,M,1995,79393,1995-02-01,1996-02-01,"Customer Service",1
111949,M,1995,80123,1994-01-21,1998-01-20,"Customer Service",1
111950,F,1995,62500,1993-08-25,1998-08-24,"Customer Service",1
111951,F,1995,63124,1990-06-24,1998-06-22,"Customer Service",1
111952,M,1995,79393,1994-05-29,1995-05-29,"Customer Service",1
111952,M,1995,79758,1995-05-29,1996-05-28,"Customer Service",1
110022,M,1996,99647,1995-12-30,1996-12-29,Marketing,1
110022,M,1996,100604,1996-12-29,1997-12-29,Marketing,1
110039,M,1996,91503,1995-04-10,1996-04-09,Marketing,1
110039,M,1996,95469,1996-04-09,1997-04-09,Marketing,1
110040,M,1996,81872,1991-12-31,1997-12-29,Marketing,1
110041,F,1996,84500,1995-08-02,1998-08-01,Marketing,1
110042,M,1996,85000,1993-12-30,2000-12-28,Marketing,1
110043,F,1996,85722,1994-11-20,1997-11-19,Marketing,1
110044,F,1996,86722,1995-10-13,2000-10-11,Marketing,1
110045,M,1996,87722,1995-02-04,1996-02-04,Marketing,1
110045,M,1996,88722,1996-02-04,1997-02-03,Marketing,1
110046,F,1996,90722,1996-12-29,2002-12-28,Marketing,1
110047,F,1996,82950,1995-01-06,1999-01-05,Marketing,1
110048,M,1996,92165,1994-08-10,1999-08-09,Marketing,1
110049,M,1996,96165,1993-06-08,1999-06-07,Marketing,1
110085,M,1996,78173,1995-12-30,1996-12-29,Finance,1
110085,M,1996,82066,1996-12-29,1997-12-29,Finance,1
110114,F,1996,71652,1995-01-12,1996-01-12,Finance,1
110114,F,1996,71375,1996-01-12,1997-01-11,Finance,1
110115,F,1996,83458,1995-12-30,1999-12-29,Finance,1
110116,F,1996,84458,1995-08-02,2000-07-31,Finance,1
110117,M,1996,83459,1995-12-30,1996-12-29,Finance,1
110117,M,1996,84459,1996-12-29,1997-12-29,Finance,1
110118,M,1996,84460,1994-11-20,1999-11-19,Finance,1
110122,F,1996,85687,1995-01-06,2001-01-04,Finance,1
110123,M,1996,86687,1996-08-09,1997-08-09,Finance,1
110124,M,1996,65000,1993-06-08,2001-06-06,Finance,1
110125,M,1996,68458,1995-12-30,2000-12-28,Finance,1
110183,F,1996,66530,1995-12-30,1996-12-29,"Human Resources",1
110183,F,1996,67423,1996-12-29,1997-12-29,"Human Resources",1
110228,F,1996,55733,1995-08-02,1996-08-01,"Human Resources",1
110228,F,1996,57431,1996-08-01,1997-08-01,"Human Resources",1
110229,M,1996,53103,1994-11-25,2001-11-23,"Human Resources",1
110230,M,1996,59635,1995-10-16,1998-10-15,"Human Resources",1
110231,M,1996,61068,1996-09-07,2001-09-06,"Human Resources",1
110232,M,1996,60662,1995-12-31,1996-12-30,"Human Resources",1
110232,M,1996,64359,1996-12-30,1997-12-30,"Human Resources",1
110234,F,1996,73083,1995-12-02,1999-12-01,"Human Resources",1
110235,M,1996,61615,1995-07-06,2000-07-04,"Human Resources",1
110236,F,1996,64205,1995-05-04,2000-05-02,"Human Resources",1
110237,M,1996,70676,1994-10-01,2000-09-29,"Human Resources",1
110238,F,1996,65000,1994-05-15,1997-05-15,"Human Resources",1
110240,F,1996,72345,1993-05-29,1999-05-29,"Human Resources",1
110303,F,1996,60162,1995-12-30,1996-12-29,Production,1
110303,F,1996,63859,1996-12-29,1997-12-29,Production,1
110344,F,1996,67427,1995-11-20,1996-11-19,Production,1
110344,F,1996,67180,1996-11-19,1997-11-19,Production,1
110386,M,1996,59028,1995-10-13,1996-10-12,Production,1
110386,M,1996,59528,1996-10-12,1997-10-12,Production,1
110420,M,1996,45891,1995-02-04,1996-02-04,Production,1
110420,M,1996,46304,1996-02-04,1997-02-03,Production,1
110421,M,1996,63707,1991-01-30,1996-06-07,Production,1
110423,M,1996,46736,1991-03-23,1996-03-21,Production,1
110425,M,1996,60273,1992-12-30,2001-12-28,Production,1
110426,M,1996,60478,1993-04-25,1998-10-18,Production,1
110427,M,1996,72392,1995-03-30,1996-03-29,Production,1
110427,M,1996,74995,1996-03-29,1997-03-29,Production,1
110428,M,1996,48236,1996-02-20,2001-02-18,Production,1
110429,F,1996,48891,1995-06-14,1996-06-13,Production,1
110429,F,1996,49304,1996-06-13,1997-06-13,Production,1
110511,M,1996,73698,1995-12-30,1996-12-29,Development,1
110511,M,1996,76013,1996-12-29,1997-12-29,Development,1
110567,F,1996,59878,1995-10-19,1996-10-18,Development,1
110567,F,1996,62829,1996-10-18,1997-10-18,Development,1
110568,M,1996,79785,1990-01-05,2003-08-20,Development,1
110569,M,1996,50035,1995-10-03,1996-10-02,Development,1
110569,M,1996,51776,1996-10-02,1997-10-02,Development,1
110572,M,1996,64987,1995-02-20,1996-02-20,Development,1
110572,M,1996,67807,1996-02-20,1997-02-19,Development,1
110574,F,1996,80903,1995-11-30,1996-11-29,Development,1
110574,F,1996,51535,1996-11-29,1997-11-29,Development,1
110575,F,1996,60384,1995-03-26,2000-09-17,Development,1
110576,M,1996,59966,1995-02-28,1996-02-28,Development,1
110576,M,1996,62878,1996-02-28,1997-02-27,Development,1
110577,F,1996,64531,1992-01-29,1996-09-27,Development,1
110578,F,1996,65854,1995-03-12,1997-03-12,Development,1
110725,F,1996,87997,1995-12-30,1996-12-29,"Quality Management",1
110725,F,1996,87949,1996-12-29,1997-12-29,"Quality Management",1
110765,F,1996,54169,1995-01-06,1996-01-06,"Quality Management",1
110765,F,1996,55726,1996-01-06,1997-01-05,"Quality Management",1
110800,F,1996,72277,1995-08-10,1996-08-09,"Quality Management",1
110800,F,1996,74254,1996-08-09,1997-08-09,"Quality Management",1
110854,M,1996,61984,1995-06-08,1996-06-07,"Quality Management",1
110854,M,1996,64647,1996-06-07,1997-06-07,"Quality Management",1
110855,M,1996,78376,1994-05-14,2000-05-12,"Quality Management",1
110856,F,1996,81606,1995-05-12,1996-05-11,"Quality Management",1
110856,F,1996,82106,1996-05-11,1998-05-11,"Quality Management",1
110857,M,1996,82606,1991-03-04,1996-03-02,"Quality Management",1
110859,F,1996,82606,1996-12-29,2002-12-28,"Quality Management",1
110860,F,1996,81606,1995-01-06,1996-01-06,"Quality Management",1
110860,F,1996,82106,1996-01-06,1997-01-05,"Quality Management",1
110861,F,1996,83106,1994-08-10,1999-08-09,"Quality Management",1
110862,M,1996,82106,1994-06-08,1999-06-07,"Quality Management",1
110863,M,1996,82606,1995-05-14,2001-05-12,"Quality Management",1
110864,M,1996,81051,1995-05-12,1996-05-11,"Quality Management",1
110864,M,1996,81606,1996-05-11,1997-05-11,"Quality Management",1
110865,F,1996,82606,1992-03-03,1997-03-02,"Quality Management",1
110867,M,1996,83606,1993-05-17,1998-05-16,"Quality Management",1
110868,M,1996,81606,1995-12-30,2000-12-28,"Quality Management",1
111035,M,1996,92441,1995-12-30,1996-12-29,Sales,1
111035,M,1996,92286,1996-12-29,1997-12-29,Sales,1
111133,M,1996,94207,1995-12-28,1996-12-27,Sales,1
111133,M,1996,93907,1996-12-27,1997-12-27,Sales,1
111134,M,1996,79900,1992-06-13,1998-06-12,Sales,1
111135,M,1996,81606,1995-01-14,1996-01-14,Sales,1
111135,M,1996,85997,1996-01-14,1997-01-13,Sales,1
111136,M,1996,92441,1994-06-13,2001-06-11,Sales,1
111137,M,1996,95487,1995-05-04,1996-05-03,Sales,1
111137,M,1996,94765,1996-05-03,1997-05-03,Sales,1
111138,M,1996,100873,1996-03-26,2001-03-25,Sales,1
111139,M,1996,82205,1995-07-19,9997-06-15,Sales,1
111141,F,1996,94207,1993-06-20,1999-06-19,Sales,1
111142,M,1996,93907,1995-01-22,1996-01-22,Sales,1
111142,M,1996,96790,1996-01-22,1997-01-21,Sales,1
111143,F,1996,106987,1991-11-21,1999-11-19,Sales,1
111144,M,1996,93234,1995-06-13,1996-06-12,Sales,1
111144,M,1996,94234,1996-06-12,1999-06-12,Sales,1
111146,M,1996,87188,1994-01-14,1996-01-14,Sales,1
111147,F,1996,84485,1995-10-06,2001-10-04,Sales,1
111148,M,1996,80654,1994-10-13,1997-10-12,Sales,1
111150,F,1996,64535,1995-05-29,2000-05-29,Sales,1
111400,M,1996,92902,1995-12-30,1996-12-29,Research,1
111400,M,1996,96538,1996-12-29,1997-12-29,Research,1
111534,F,1996,66978,1995-01-29,1996-01-29,Research,1
111534,F,1996,70649,1996-01-29,1997-01-28,Research,1
111535,F,1996,72000,1996-06-12,1999-06-12,Research,1
111537,M,1996,81793,1992-06-13,1998-06-12,Research,1
111538,M,1996,83393,1995-01-14,1996-01-14,Research,1
111538,M,1996,84193,1996-01-14,1999-01-13,Research,1
111539,F,1996,65737,1995-06-13,1996-06-12,Research,1
111539,F,1996,66462,1996-06-12,2001-06-11,Research,1
111540,F,1996,67187,1993-05-04,1998-05-03,Research,1
111541,M,1996,79393,1996-03-26,1997-03-26,Research,1
111542,M,1996,81793,1995-07-19,1996-07-18,Research,1
111542,M,1996,82593,1996-07-18,1997-07-18,Research,1
111544,M,1996,86593,1995-06-20,1999-06-19,Research,1
111545,F,1996,71564,1996-05-29,1999-05-29,Research,1
111692,F,1996,62541,1995-12-30,1996-12-29,"Customer Service",1
111692,F,1996,64553,1996-12-29,1997-12-29,"Customer Service",1
111784,F,1996,49770,1995-02-10,1996-02-10,"Customer Service",1
111784,F,1996,51900,1996-02-10,1997-02-09,"Customer Service",1
111877,F,1996,61093,1995-08-16,1996-08-15,"Customer Service",1
111877,F,1996,64189,1996-08-15,1997-08-15,"Customer Service",1
111939,M,1996,51905,1995-07-09,1996-07-08,"Customer Service",1
111939,M,1996,53555,1996-07-08,1997-07-08,"Customer Service",1
111940,M,1996,79393,1996-09-20,1997-09-20,"Customer Service",1
111941,M,1996,81218,1994-09-28,1998-09-27,"Customer Service",1
111942,F,1996,66715,1994-05-02,1999-05-01,"Customer Service",1
111943,M,1996,80123,1993-02-28,1999-02-27,"Customer Service",1
111944,F,1996,66715,1995-02-03,2001-02-01,"Customer Service",1
111945,F,1996,86715,1994-02-01,1999-01-31,"Customer Service",1
111946,M,1996,79393,1995-02-01,1996-02-01,"Customer Service",1
111946,M,1996,79758,1996-02-01,1997-01-31,"Customer Service",1
111947,M,1996,79393,1996-02-01,2001-01-30,"Customer Service",1
111949,M,1996,80123,1994-01-21,1998-01-20,"Customer Service",1
111950,F,1996,62500,1993-08-25,1998-08-24,"Customer Service",1
111951,F,1996,63124,1990-06-24,1998-06-22,"Customer Service",1
111952,M,1996,79758,1995-05-29,1996-05-28,"Customer Service",1
111952,M,1996,80123,1996-05-28,2000-05-27,"Customer Service",1
110022,M,1997,100604,1996-12-29,1997-12-29,Marketing,1
110022,M,1997,101843,1997-12-29,1998-12-29,Marketing,1
110039,M,1997,95469,1996-04-09,1997-04-09,Marketing,1
110039,M,1997,97250,1997-04-09,1998-04-09,Marketing,1
110040,M,1997,81872,1991-12-31,1997-12-29,Marketing,1
110041,F,1997,84500,1995-08-02,1998-08-01,Marketing,1
110042,M,1997,85000,1993-12-30,2000-12-28,Marketing,1
110043,F,1997,85722,1994-11-20,1997-11-19,Marketing,1
110044,F,1997,86722,1995-10-13,2000-10-11,Marketing,1
110045,M,1997,88722,1996-02-04,1997-02-03,Marketing,1
110045,M,1997,89722,1997-02-03,9999-01-01,Marketing,1
110046,F,1997,90722,1996-12-29,2002-12-28,Marketing,1
110047,F,1997,82950,1995-01-06,1999-01-05,Marketing,1
110048,M,1997,92165,1994-08-10,1999-08-09,Marketing,1
110049,M,1997,96165,1993-06-08,1999-06-07,Marketing,1
110050,F,1997,70500,1997-05-29,1998-05-29,Marketing,1
110085,M,1997,82066,1996-12-29,1997-12-29,Finance,1
110085,M,1997,82152,1997-12-29,1998-12-29,Finance,1
110114,F,1997,71375,1996-01-12,1997-01-11,Finance,1
110114,F,1997,75708,1997-01-11,1998-01-11,Finance,1
110115,F,1997,83458,1995-12-30,1999-12-29,Finance,1
110116,F,1997,84458,1995-08-02,2000-07-31,Finance,1
110117,M,1997,84459,1996-12-29,1997-12-29,Finance,1
110117,M,1997,83460,1997-12-29,2002-12-28,Finance,1
110118,M,1997,84460,1994-11-20,1999-11-19,Finance,1
110119,M,1997,88008,1997-10-12,1998-10-12,Finance,1
110120,M,1997,88500,1997-02-03,9999-01-01,Finance,1
110122,F,1997,85687,1995-01-06,2001-01-04,Finance,1
110123,M,1997,86687,1996-08-09,1997-08-09,Finance,1
110123,M,1997,87687,1997-08-09,1998-08-09,Finance,1
110124,M,1997,65000,1993-06-08,2001-06-06,Finance,1
110125,M,1997,68458,1995-12-30,2000-12-28,Finance,1
110183,F,1997,67423,1996-12-29,1997-12-29,"Human Resources",1
110183,F,1997,70638,1997-12-29,1998-12-29,"Human Resources",1
110228,F,1997,57431,1996-08-01,1997-08-01,"Human Resources",1
110228,F,1997,58932,1997-08-01,1998-08-01,"Human Resources",1
110229,M,1997,53103,1994-11-25,2001-11-23,"Human Resources",1
110230,M,1997,59635,1995-10-16,1998-10-15,"Human Resources",1
110231,M,1997,61068,1996-09-07,2001-09-06,"Human Resources",1
110232,M,1997,64359,1996-12-30,1997-12-30,"Human Resources",1
110232,M,1997,67666,1997-12-30,9999-01-01,"Human Resources",1
110233,M,1997,68814,1997-11-24,2003-11-23,"Human Resources",1
110234,F,1997,73083,1995-12-02,1999-12-01,"Human Resources",1
110235,M,1997,61615,1995-07-06,2000-07-04,"Human Resources",1
110236,F,1997,64205,1995-05-04,2000-05-02,"Human Resources",1
110237,M,1997,70676,1994-10-01,2000-09-29,"Human Resources",1
110238,F,1997,65000,1994-05-15,1997-05-15,"Human Resources",1
110238,F,1997,66000,1997-05-15,2000-05-27,"Human Resources",1
110239,M,1997,82654,1997-05-29,2000-05-27,"Human Resources",1
110240,F,1997,72345,1993-05-29,1999-05-29,"Human Resources",1
110303,F,1997,63859,1996-12-29,1997-12-29,Production,1
110303,F,1997,67166,1997-12-29,1998-12-29,Production,1
110344,F,1997,67180,1996-11-19,1997-11-19,Production,1
110344,F,1997,70176,1997-11-19,1998-11-19,Production,1
110386,M,1997,59528,1996-10-12,1997-10-12,Production,1
110386,M,1997,59530,1997-10-12,1998-10-12,Production,1
110420,M,1997,46304,1996-02-04,1997-02-03,Production,1
110420,M,1997,46862,1997-02-03,1998-02-03,Production,1
110425,M,1997,60273,1992-12-30,2001-12-28,Production,1
110426,M,1997,60478,1993-04-25,1998-10-18,Production,1
110427,M,1997,74995,1996-03-29,1997-03-29,Production,1
110427,M,1997,43000,1997-03-29,1998-03-29,Production,1
110428,M,1997,48236,1996-02-20,2001-02-18,Production,1
110429,F,1997,49304,1996-06-13,1997-06-13,Production,1
110429,F,1997,49862,1997-06-13,1998-06-13,Production,1
110511,M,1997,76013,1996-12-29,1997-12-29,Development,1
110511,M,1997,77056,1997-12-29,1998-12-29,Development,1
110567,F,1997,62829,1996-10-18,1997-10-18,Development,1
110567,F,1997,63249,1997-10-18,1998-10-18,Development,1
110568,M,1997,79785,1990-01-05,2003-08-20,Development,1
110569,M,1997,51776,1996-10-02,1997-10-02,Development,1
110569,M,1997,54705,1997-10-02,1998-10-02,Development,1
110570,F,1997,58466,1997-04-07,2001-04-06,Development,1
110572,M,1997,67807,1996-02-20,1997-02-19,Development,1
110572,M,1997,71800,1997-02-19,1998-02-19,Development,1
110574,F,1997,51535,1996-11-29,1997-11-29,Development,1
110574,F,1997,53276,1997-11-29,1998-11-29,Development,1
110575,F,1997,60384,1995-03-26,2000-09-17,Development,1
110576,M,1997,62878,1996-02-28,1997-02-27,Development,1
110576,M,1997,65829,1997-02-27,1998-02-27,Development,1
110578,F,1997,65854,1995-03-12,1997-03-12,Development,1
110578,F,1997,67898,1997-03-12,1999-03-12,Development,1
110725,F,1997,87949,1996-12-29,1997-12-29,"Quality Management",1
110725,F,1997,91012,1997-12-29,1998-12-29,"Quality Management",1
110765,F,1997,55726,1996-01-06,1997-01-05,"Quality Management",1
110765,F,1997,59701,1997-01-05,1998-01-05,"Quality Management",1
110800,F,1997,74254,1996-08-09,1997-08-09,"Quality Management",1
110800,F,1997,76583,1997-08-09,1998-08-09,"Quality Management",1
110854,M,1997,64647,1996-06-07,1997-06-07,"Quality Management",1
110854,M,1997,68172,1997-06-07,1998-06-07,"Quality Management",1
110855,M,1997,78376,1994-05-14,2000-05-12,"Quality Management",1
110856,F,1997,82106,1996-05-11,1998-05-11,"Quality Management",1
110859,F,1997,82606,1996-12-29,2002-12-28,"Quality Management",1
110860,F,1997,82106,1996-01-06,1997-01-05,"Quality Management",1
110860,F,1997,82606,1997-01-05,1999-01-05,"Quality Management",1
110861,F,1997,83106,1994-08-10,1999-08-09,"Quality Management",1
110862,M,1997,82106,1994-06-08,1999-06-07,"Quality Management",1
110863,M,1997,82606,1995-05-14,2001-05-12,"Quality Management",1
110864,M,1997,81606,1996-05-11,1997-05-11,"Quality Management",1
110864,M,1997,82106,1997-05-11,1999-05-11,"Quality Management",1
110865,F,1997,82606,1992-03-03,1997-03-02,"Quality Management",1
110867,M,1997,83606,1993-05-17,1998-05-16,"Quality Management",1
110868,M,1997,81606,1995-12-30,2000-12-28,"Quality Management",1
110869,M,1997,84306,1997-05-29,1998-05-29,"Quality Management",1
111035,M,1997,92286,1996-12-29,1997-12-29,Sales,1
111035,M,1997,93704,1997-12-29,1998-12-29,Sales,1
111133,M,1997,93907,1996-12-27,1997-12-27,Sales,1
111133,M,1997,96790,1997-12-27,1998-12-27,Sales,1
111134,M,1997,79900,1992-06-13,1998-06-12,Sales,1
111135,M,1997,85997,1996-01-14,1997-01-13,Sales,1
111135,M,1997,90575,1997-01-13,1999-01-13,Sales,1
111136,M,1997,92441,1994-06-13,2001-06-11,Sales,1
111137,M,1997,94765,1996-05-03,1997-05-03,Sales,1
111137,M,1997,100290,1997-05-03,1998-05-03,Sales,1
111138,M,1997,100873,1996-03-26,2001-03-25,Sales,1
111139,M,1997,82205,1995-07-19,9997-06-15,Sales,1
111140,F,1997,83536,1997-06-12,1998-06-12,Sales,1
111141,F,1997,94207,1993-06-20,1999-06-19,Sales,1
111142,M,1997,96790,1996-01-22,1997-01-21,Sales,1
111142,M,1997,99726,1997-01-21,1998-01-21,Sales,1
111143,F,1997,106987,1991-11-21,1999-11-19,Sales,1
111144,M,1997,94234,1996-06-12,1999-06-12,Sales,1
111147,F,1997,84485,1995-10-06,2001-10-04,Sales,1
111148,M,1997,80654,1994-10-13,1997-10-12,Sales,1
111150,F,1997,64535,1995-05-29,2000-05-29,Sales,1
111400,M,1997,96538,1996-12-29,1997-12-29,Research,1
111400,M,1997,99457,1997-12-29,1998-12-29,Research,1
111534,F,1997,70649,1996-01-29,1997-01-28,Research,1
111534,F,1997,71234,1997-01-28,1998-01-28,Research,1
111535,F,1997,72000,1996-06-12,1999-06-12,Research,1
111536,M,1997,79393,1997-09-21,1998-09-21,Research,1
111537,M,1997,81793,1992-06-13,1998-06-12,Research,1
111538,M,1997,84193,1996-01-14,1999-01-13,Research,1
111539,F,1997,66462,1996-06-12,2001-06-11,Research,1
111540,F,1997,67187,1993-05-04,1998-05-03,Research,1
111541,M,1997,79393,1996-03-26,1997-03-26,Research,1
111541,M,1997,80193,1997-03-26,1998-03-26,Research,1
111542,M,1997,82593,1996-07-18,1997-07-18,Research,1
111542,M,1997,83393,1997-07-18,9999-06-15,Research,1
111543,M,1997,84193,1997-06-12,2003-06-11,Research,1
111544,M,1997,86593,1995-06-20,1999-06-19,Research,1
111545,F,1997,71564,1996-05-29,1999-05-29,Research,1
111692,F,1997,64553,1996-12-29,1997-12-29,"Customer Service",1
111692,F,1997,66715,1997-12-29,1998-12-29,"Customer Service",1
111784,F,1997,51900,1996-02-10,1997-02-09,"Customer Service",1
111784,F,1997,52121,1997-02-09,1998-02-09,"Customer Service",1
111877,F,1997,64189,1996-08-15,1997-08-15,"Customer Service",1
111877,F,1997,66104,1997-08-15,1998-08-15,"Customer Service",1
111939,M,1997,53555,1996-07-08,1997-07-08,"Customer Service",1
111939,M,1997,54812,1997-07-08,1998-07-08,"Customer Service",1
111940,M,1997,79393,1996-09-20,1997-09-20,"Customer Service",1
111940,M,1997,79758,1997-09-20,1998-09-20,"Customer Service",1
111941,M,1997,81218,1994-09-28,1998-09-27,"Customer Service",1
111942,F,1997,66715,1994-05-02,1999-05-01,"Customer Service",1
111943,M,1997,80123,1993-02-28,1999-02-27,"Customer Service",1
111944,F,1997,66715,1995-02-03,2001-02-01,"Customer Service",1
111945,F,1997,86715,1994-02-01,1999-01-31,"Customer Service",1
111946,M,1997,79758,1996-02-01,1997-01-31,"Customer Service",1
111946,M,1997,80123,1997-01-31,1998-01-31,"Customer Service",1
111947,M,1997,79393,1996-02-01,2001-01-30,"Customer Service",1
111948,F,1997,69758,1997-01-31,2002-01-30,"Customer Service",1
111949,M,1997,80123,1994-01-21,1998-01-20,"Customer Service",1
111950,F,1997,62500,1993-08-25,1998-08-24,"Customer Service",1
111951,F,1997,63124,1990-06-24,1998-06-22,"Customer Service",1
111952,M,1997,80123,1996-05-28,2000-05-27,"Customer Service",1
110022,M,1998,101843,1997-12-29,1998-12-29,Marketing,1
110022,M,1998,103014,1998-12-29,1999-12-29,Marketing,1
110039,M,1998,97250,1997-04-09,1998-04-09,Marketing,1
110039,M,1998,96993,1998-04-09,1999-04-09,Marketing,1
110041,F,1998,84500,1995-08-02,1998-08-01,Marketing,1
110042,M,1998,85000,1993-12-30,2000-12-28,Marketing,1
110044,F,1998,86722,1995-10-13,2000-10-11,Marketing,1
110045,M,1998,89722,1997-02-03,9999-01-01,Marketing,1
110046,F,1998,90722,1996-12-29,2002-12-28,Marketing,1
110047,F,1998,82950,1995-01-06,1999-01-05,Marketing,1
110048,M,1998,92165,1994-08-10,1999-08-09,Marketing,1
110049,M,1998,96165,1993-06-08,1999-06-07,Marketing,1
110050,F,1998,70500,1997-05-29,1998-05-29,Marketing,1
110050,F,1998,83000,1998-05-29,1999-05-27,Marketing,1
110051,M,1998,65478,1998-05-29,1999-05-29,Marketing,1
110085,M,1998,82152,1997-12-29,1998-12-29,Finance,1
110085,M,1998,86440,1998-12-29,1999-12-29,Finance,1
110114,F,1998,75708,1997-01-11,1998-01-11,Finance,1
110114,F,1998,79782,1998-01-11,1999-01-11,Finance,1
110115,F,1998,83458,1995-12-30,1999-12-29,Finance,1
110116,F,1998,84458,1995-08-02,2000-07-31,Finance,1
110117,M,1998,83460,1997-12-29,2002-12-28,Finance,1
110118,M,1998,84460,1994-11-20,1999-11-19,Finance,1
110119,M,1998,88008,1997-10-12,1998-10-12,Finance,1
110119,M,1998,89008,1998-10-12,1999-10-12,Finance,1
110120,M,1998,88500,1997-02-03,9999-01-01,Finance,1
110121,M,1998,82687,1998-12-29,1999-12-29,Finance,1
110122,F,1998,85687,1995-01-06,2001-01-04,Finance,1
110123,M,1998,87687,1997-08-09,1998-08-09,Finance,1
110123,M,1998,88687,1998-08-09,2001-08-08,Finance,1
110124,M,1998,65000,1993-06-08,2001-06-06,Finance,1
110125,M,1998,68458,1995-12-30,2000-12-28,Finance,1
110126,M,1998,85854,1998-05-29,1999-05-29,Finance,1
110127,M,1998,90912,1998-05-29,1999-05-29,Finance,1
110183,F,1998,70638,1997-12-29,1998-12-29,"Human Resources",1
110183,F,1998,72240,1998-12-29,1999-12-29,"Human Resources",1
110228,F,1998,58932,1997-08-01,1998-08-01,"Human Resources",1
110228,F,1998,59259,1998-08-01,1999-08-01,"Human Resources",1
110229,M,1998,53103,1994-11-25,2001-11-23,"Human Resources",1
110230,M,1998,59635,1995-10-16,1998-10-15,"Human Resources",1
110231,M,1998,61068,1996-09-07,2001-09-06,"Human Resources",1
110232,M,1998,67666,1997-12-30,9999-01-01,"Human Resources",1
110233,M,1998,68814,1997-11-24,2003-11-23,"Human Resources",1
110234,F,1998,73083,1995-12-02,1999-12-01,"Human Resources",1
110235,M,1998,61615,1995-07-06,2000-07-04,"Human Resources",1
110236,F,1998,64205,1995-05-04,2000-05-02,"Human Resources",1
110237,M,1998,70676,1994-10-01,2000-09-29,"Human Resources",1
110238,F,1998,66000,1997-05-15,2000-05-27,"Human Resources",1
110239,M,1998,82654,1997-05-29,2000-05-27,"Human Resources",1
110240,F,1998,72345,1993-05-29,1999-05-29,"Human Resources",1
110303,F,1998,67166,1997-12-29,1998-12-29,Production,1
110303,F,1998,68314,1998-12-29,1999-12-29,Production,1
110344,F,1998,70176,1997-11-19,1998-11-19,Production,1
110344,F,1998,72174,1998-11-19,1999-11-19,Production,1
110386,M,1998,59530,1997-10-12,1998-10-12,Production,1
110386,M,1998,60960,1998-10-12,1999-10-12,Production,1
110420,M,1998,46862,1997-02-03,1998-02-03,Production,1
110420,M,1998,48053,1998-02-03,1999-02-03,Production,1
110425,M,1998,60273,1992-12-30,2001-12-28,Production,1
110426,M,1998,60478,1993-04-25,1998-10-18,Production,1
110427,M,1998,43000,1997-03-29,1998-03-29,Production,1
110427,M,1998,43762,1998-03-29,1998-03-29,Production,1
110428,M,1998,48236,1996-02-20,2001-02-18,Production,1
110429,F,1998,49862,1997-06-13,1998-06-13,Production,1
110429,F,1998,51053,1998-06-13,2004-12-27,Production,1
110430,M,1998,64050,1998-05-29,1999-05-29,Production,1
110511,M,1998,77056,1997-12-29,1998-12-29,Development,1
110511,M,1998,76614,1998-12-29,1999-12-29,Development,1
110567,F,1998,63249,1997-10-18,1998-10-18,Development,1
110567,F,1998,63487,1998-10-18,1999-10-18,Development,1
110568,M,1998,79785,1990-01-05,2003-08-20,Development,1
110569,M,1998,54705,1997-10-02,1998-10-02,Development,1
110569,M,1998,58884,1998-10-02,1998-10-02,Development,1
110570,F,1998,58466,1997-04-07,2001-04-06,Development,1
110572,M,1998,71800,1997-02-19,1998-02-19,Development,1
110574,F,1998,53276,1997-11-29,1998-11-29,Development,1
110574,F,1998,56205,1998-11-29,2003-11-28,Development,1
110575,F,1998,60384,1995-03-26,2000-09-17,Development,1
110576,M,1998,65829,1997-02-27,1998-02-27,Development,1
110576,M,1998,66249,1998-02-27,2000-02-27,Development,1
110578,F,1998,67898,1997-03-12,1999-03-12,Development,1
110579,F,1998,70554,1998-05-29,1999-05-29,Development,1
110725,F,1998,91012,1997-12-29,1998-12-29,"Quality Management",1
110725,F,1998,90529,1998-12-29,1999-12-29,"Quality Management",1
110765,F,1998,59701,1997-01-05,1998-01-05,"Quality Management",1
110765,F,1998,63715,1998-01-05,1999-01-05,"Quality Management",1
110800,F,1998,76583,1997-08-09,1998-08-09,"Quality Management",1
110800,F,1998,76174,1998-08-09,1999-08-09,"Quality Management",1
110854,M,1998,68172,1997-06-07,1998-06-07,"Quality Management",1
110854,M,1998,67061,1998-06-07,1999-06-07,"Quality Management",1
110855,M,1998,78376,1994-05-14,2000-05-12,"Quality Management",1
110856,F,1998,82106,1996-05-11,1998-05-11,"Quality Management",1
110859,F,1998,82606,1996-12-29,2002-12-28,"Quality Management",1
110860,F,1998,82606,1997-01-05,1999-01-05,"Quality Management",1
110861,F,1998,83106,1994-08-10,1999-08-09,"Quality Management",1
110862,M,1998,82106,1994-06-08,1999-06-07,"Quality Management",1
110863,M,1998,82606,1995-05-14,2001-05-12,"Quality Management",1
110864,M,1998,82106,1997-05-11,1999-05-11,"Quality Management",1
110867,M,1998,83606,1993-05-17,1998-05-16,"Quality Management",1
110868,M,1998,81606,1995-12-30,2000-12-28,"Quality Management",1
110869,M,1998,84306,1997-05-29,1998-05-29,"Quality Management",1
110869,M,1998,81751,1998-05-29,1999-05-29,"Quality Management",1
111035,M,1998,93704,1997-12-29,1998-12-29,Sales,1
111035,M,1998,95487,1998-12-29,1999-12-29,Sales,1
111133,M,1998,96790,1997-12-27,1998-12-27,Sales,1
111133,M,1998,99726,1998-12-27,1999-12-27,Sales,1
111134,M,1998,79900,1992-06-13,1998-06-12,Sales,1
111135,M,1998,90575,1997-01-13,1999-01-13,Sales,1
111136,M,1998,92441,1994-06-13,2001-06-11,Sales,1
111137,M,1998,100290,1997-05-03,1998-05-03,Sales,1
111138,M,1998,100873,1996-03-26,2001-03-25,Sales,1
111139,M,1998,82205,1995-07-19,9997-06-15,Sales,1
111140,F,1998,83536,1997-06-12,1998-06-12,Sales,1
111140,F,1998,86775,1998-06-12,1999-06-12,Sales,1
111141,F,1998,94207,1993-06-20,1999-06-19,Sales,1
111142,M,1998,99726,1997-01-21,1998-01-21,Sales,1
111142,M,1998,100072,1998-01-21,1999-01-21,Sales,1
111143,F,1998,106987,1991-11-21,1999-11-19,Sales,1
111144,M,1998,94234,1996-06-12,1999-06-12,Sales,1
111147,F,1998,84485,1995-10-06,2001-10-04,Sales,1
111150,F,1998,64535,1995-05-29,2000-05-29,Sales,1
111400,M,1998,99457,1997-12-29,1998-12-29,Research,1
111400,M,1998,102032,1998-12-29,1999-12-29,Research,1
111534,F,1998,71234,1997-01-28,1998-01-28,Research,1
111534,F,1998,73020,1998-01-28,1999-01-28,Research,1
111535,F,1998,72000,1996-06-12,1999-06-12,Research,1
111536,M,1998,79393,1997-09-21,1998-09-21,Research,1
111536,M,1998,80193,1998-09-21,1999-09-21,Research,1
111537,M,1998,81793,1992-06-13,1998-06-12,Research,1
111538,M,1998,84193,1996-01-14,1999-01-13,Research,1
111539,F,1998,66462,1996-06-12,2001-06-11,Research,1
111540,F,1998,67187,1993-05-04,1998-05-03,Research,1
111541,M,1998,80193,1997-03-26,1998-03-26,Research,1
111541,M,1998,80993,1998-03-26,2001-03-25,Research,1
111542,M,1998,83393,1997-07-18,9999-06-15,Research,1
111543,M,1998,84193,1997-06-12,2003-06-11,Research,1
111544,M,1998,86593,1995-06-20,1999-06-19,Research,1
111545,F,1998,71564,1996-05-29,1999-05-29,Research,1
111692,F,1998,66715,1997-12-29,1998-12-29,"Customer Service",1
111692,F,1998,69217,1998-12-29,1999-12-29,"Customer Service",1
111784,F,1998,52121,1997-02-09,1998-02-09,"Customer Service",1
111784,F,1998,54187,1998-02-09,1999-02-09,"Customer Service",1
111877,F,1998,66104,1997-08-15,1998-08-15,"Customer Service",1
111877,F,1998,66678,1998-08-15,1999-08-15,"Customer Service",1
111939,M,1998,54812,1997-07-08,1998-07-08,"Customer Service",1
111939,M,1998,53051,1998-07-08,1999-07-08,"Customer Service",1
111940,M,1998,79758,1997-09-20,1998-09-20,"Customer Service",1
111940,M,1998,80123,1998-09-20,2002-09-19,"Customer Service",1
111941,M,1998,81218,1994-09-28,1998-09-27,"Customer Service",1
111942,F,1998,66715,1994-05-02,1999-05-01,"Customer Service",1
111943,M,1998,80123,1993-02-28,1999-02-27,"Customer Service",1
111944,F,1998,66715,1995-02-03,2001-02-01,"Customer Service",1
111945,F,1998,86715,1994-02-01,1999-01-31,"Customer Service",1
111946,M,1998,80123,1997-01-31,1998-01-31,"Customer Service",1
111946,M,1998,80488,1998-01-31,2000-01-31,"Customer Service",1
111947,M,1998,79393,1996-02-01,2001-01-30,"Customer Service",1
111948,F,1998,69758,1997-01-31,2002-01-30,"Customer Service",1
111949,M,1998,80123,1994-01-21,1998-01-20,"Customer Service",1
111950,F,1998,62500,1993-08-25,1998-08-24,"Customer Service",1
111951,F,1998,63124,1990-06-24,1998-06-22,"Customer Service",1
111952,M,1998,80123,1996-05-28,2000-05-27,"Customer Service",1
112000,M,1998,80000,1998-05-29,2000-06-23,"Customer Service",1
112001,F,1998,81354,1998-05-29,1999-05-29,"Customer Service",1
110022,M,1999,103014,1998-12-29,1999-12-29,Marketing,1
110022,M,1999,101592,1999-12-29,2000-12-28,Marketing,1
110039,M,1999,96993,1998-04-09,1999-04-09,Marketing,1
110039,M,1999,101350,1999-04-09,2000-04-08,Marketing,1
110042,M,1999,85000,1993-12-30,2000-12-28,Marketing,1
110044,F,1999,86722,1995-10-13,2000-10-11,Marketing,1
110045,M,1999,89722,1997-02-03,9999-01-01,Marketing,1
110046,F,1999,90722,1996-12-29,2002-12-28,Marketing,1
110047,F,1999,82950,1995-01-06,1999-01-05,Marketing,1
110048,M,1999,92165,1994-08-10,1999-08-09,Marketing,1
110049,M,1999,96165,1993-06-08,1999-06-07,Marketing,1
110050,F,1999,83000,1998-05-29,1999-05-27,Marketing,1
110050,F,1999,84000,1999-05-27,2000-05-27,Marketing,1
110051,M,1999,65478,1998-05-29,1999-05-29,Marketing,1
110051,M,1999,68788,1999-05-29,2000-05-27,Marketing,1
110085,M,1999,86440,1998-12-29,1999-12-29,Finance,1
110085,M,1999,86394,1999-12-29,2000-12-28,Finance,1
110114,F,1999,79782,1998-01-11,1999-01-11,Finance,1
110114,F,1999,79679,1999-01-11,2000-01-11,Finance,1
110115,F,1999,83458,1995-12-30,1999-12-29,Finance,1
110116,F,1999,84458,1995-08-02,2000-07-31,Finance,1
110117,M,1999,83460,1997-12-29,2002-12-28,Finance,1
110118,M,1999,84460,1994-11-20,1999-11-19,Finance,1
110119,M,1999,89008,1998-10-12,1999-10-12,Finance,1
110119,M,1999,90008,1999-10-12,2002-10-11,Finance,1
110120,M,1999,88500,1997-02-03,9999-01-01,Finance,1
110121,M,1999,82687,1998-12-29,1999-12-29,Finance,1
110121,M,1999,83687,1999-12-29,2000-12-28,Finance,1
110122,F,1999,85687,1995-01-06,2001-01-04,Finance,1
110123,M,1999,88687,1998-08-09,2001-08-08,Finance,1
110124,M,1999,65000,1993-06-08,2001-06-06,Finance,1
110125,M,1999,68458,1995-12-30,2000-12-28,Finance,1
110126,M,1999,85854,1998-05-29,1999-05-29,Finance,1
110126,M,1999,89985,1999-05-29,2000-05-27,Finance,1
110127,M,1999,90912,1998-05-29,1999-05-29,Finance,1
110127,M,1999,91500,1999-05-29,2000-05-29,Finance,1
110183,F,1999,72240,1998-12-29,1999-12-29,"Human Resources",1
110183,F,1999,74584,1999-12-29,2000-12-28,"Human Resources",1
110228,F,1999,59259,1998-08-01,1999-08-01,"Human Resources",1
110228,F,1999,61684,1999-08-01,2000-07-31,"Human Resources",1
110229,M,1999,53103,1994-11-25,2001-11-23,"Human Resources",1
110231,M,1999,61068,1996-09-07,2001-09-06,"Human Resources",1
110232,M,1999,67666,1997-12-30,9999-01-01,"Human Resources",1
110233,M,1999,68814,1997-11-24,2003-11-23,"Human Resources",1
110234,F,1999,73083,1995-12-02,1999-12-01,"Human Resources",1
110235,M,1999,61615,1995-07-06,2000-07-04,"Human Resources",1
110236,F,1999,64205,1995-05-04,2000-05-02,"Human Resources",1
110237,M,1999,70676,1994-10-01,2000-09-29,"Human Resources",1
110238,F,1999,66000,1997-05-15,2000-05-27,"Human Resources",1
110239,M,1999,82654,1997-05-29,2000-05-27,"Human Resources",1
110240,F,1999,72345,1993-05-29,1999-05-29,"Human Resources",1
110240,F,1999,75345,1999-05-29,2000-05-29,"Human Resources",1
110303,F,1999,68314,1998-12-29,1999-12-29,Production,1
110303,F,1999,68483,1999-12-29,2000-12-28,Production,1
110344,F,1999,72174,1998-11-19,1999-11-19,Production,1
110344,F,1999,73754,1999-11-19,2000-11-18,Production,1
110386,M,1999,60960,1998-10-12,1999-10-12,Production,1
110386,M,1999,62207,1999-10-12,2000-10-11,Production,1
110420,M,1999,48053,1998-02-03,1999-02-03,Production,1
110420,M,1999,53868,1999-02-03,2000-02-03,Production,1
110425,M,1999,60273,1992-12-30,2001-12-28,Production,1
110428,M,1999,48236,1996-02-20,2001-02-18,Production,1
110429,F,1999,51053,1998-06-13,2004-12-27,Production,1
110430,M,1999,64050,1998-05-29,1999-05-29,Production,1
110430,M,1999,66050,1999-05-29,2000-05-27,Production,1
110511,M,1999,76614,1998-12-29,1999-12-29,Development,1
110511,M,1999,74350,1999-12-29,2000-12-28,Development,1
110567,F,1999,63487,1998-10-18,1999-10-18,Development,1
110567,F,1999,66307,1999-10-18,2000-10-17,Development,1
110568,M,1999,79785,1990-01-05,2003-08-20,Development,1
110570,F,1999,58466,1997-04-07,2001-04-06,Development,1
110571,M,1999,61378,1999-02-28,9999-01-01,Development,1
110574,F,1999,56205,1998-11-29,2003-11-28,Development,1
110575,F,1999,60384,1995-03-26,2000-09-17,Development,1
110576,M,1999,66249,1998-02-27,2000-02-27,Development,1
110578,F,1999,67898,1997-03-12,1999-03-12,Development,1
110578,F,1999,69846,1999-03-12,2000-01-21,Development,1
110579,F,1999,70554,1998-05-29,1999-05-29,Development,1
110579,F,1999,72654,1999-05-29,2000-05-29,Development,1
110725,F,1999,90529,1998-12-29,1999-12-29,"Quality Management",1
110725,F,1999,90487,1999-12-29,2000-12-28,"Quality Management",1
110765,F,1999,63715,1998-01-05,1999-01-05,"Quality Management",1
110765,F,1999,64237,1999-01-05,2000-01-05,"Quality Management",1
110800,F,1999,76174,1998-08-09,1999-08-09,"Quality Management",1
110800,F,1999,77088,1999-08-09,2000-08-08,"Quality Management",1
110854,M,1999,67061,1998-06-07,1999-06-07,"Quality Management",1
110854,M,1999,67367,1999-06-07,2000-06-06,"Quality Management",1
110855,M,1999,78376,1994-05-14,2000-05-12,"Quality Management",1
110859,F,1999,82606,1996-12-29,2002-12-28,"Quality Management",1
110860,F,1999,82606,1997-01-05,1999-01-05,"Quality Management",1
110861,F,1999,83106,1994-08-10,1999-08-09,"Quality Management",1
110862,M,1999,82106,1994-06-08,1999-06-07,"Quality Management",1
110863,M,1999,82606,1995-05-14,2001-05-12,"Quality Management",1
110864,M,1999,82106,1997-05-11,1999-05-11,"Quality Management",1
110868,M,1999,81606,1995-12-30,2000-12-28,"Quality Management",1
110869,M,1999,81751,1998-05-29,1999-05-29,"Quality Management",1
110869,M,1999,82306,1999-05-29,2000-11-27,"Quality Management",1
111035,M,1999,95487,1998-12-29,1999-12-29,Sales,1
111035,M,1999,94765,1999-12-29,2000-12-28,Sales,1
111133,M,1999,99726,1998-12-27,1999-12-27,Sales,1
111133,M,1999,100072,1999-12-27,2000-12-26,Sales,1
111135,M,1999,90575,1997-01-13,1999-01-13,Sales,1
111136,M,1999,92441,1994-06-13,2001-06-11,Sales,1
111138,M,1999,100873,1996-03-26,2001-03-25,Sales,1
111139,M,1999,82205,1995-07-19,9997-06-15,Sales,1
111140,F,1999,86775,1998-06-12,1999-06-12,Sales,1
111140,F,1999,86880,1999-06-12,2000-06-11,Sales,1
111141,F,1999,94207,1993-06-20,1999-06-19,Sales,1
111142,M,1999,100072,1998-01-21,1999-01-21,Sales,1
111142,M,1999,104766,1999-01-21,2000-01-21,Sales,1
111143,F,1999,106987,1991-11-21,1999-11-19,Sales,1
111144,M,1999,94234,1996-06-12,1999-06-12,Sales,1
111147,F,1999,84485,1995-10-06,2001-10-04,Sales,1
111149,M,1999,83654,1999-05-29,2000-05-27,Sales,1
111150,F,1999,64535,1995-05-29,2000-05-29,Sales,1
111400,M,1999,102032,1998-12-29,1999-12-29,Research,1
111400,M,1999,101416,1999-12-29,2000-12-28,Research,1
111534,F,1999,73020,1998-01-28,1999-01-28,Research,1
111534,F,1999,76352,1999-01-28,2000-01-28,Research,1
111535,F,1999,72000,1996-06-12,1999-06-12,Research,1
111536,M,1999,80193,1998-09-21,1999-09-21,Research,1
111536,M,1999,80993,1999-09-21,9999-06-15,Research,1
111538,M,1999,84193,1996-01-14,1999-01-13,Research,1
111539,F,1999,66462,1996-06-12,2001-06-11,Research,1
111541,M,1999,80993,1998-03-26,2001-03-25,Research,1
111542,M,1999,83393,1997-07-18,9999-06-15,Research,1
111543,M,1999,84193,1997-06-12,2003-06-11,Research,1
111544,M,1999,86593,1995-06-20,1999-06-19,Research,1
111545,F,1999,71564,1996-05-29,1999-05-29,Research,1
111545,F,1999,75432,1999-05-29,2001-05-29,Research,1
111692,F,1999,69217,1998-12-29,1999-12-29,"Customer Service",1
111692,F,1999,72573,1999-12-29,2000-12-28,"Customer Service",1
111784,F,1999,54187,1998-02-09,1999-02-09,"Customer Service",1
111784,F,1999,54138,1999-02-09,2000-02-09,"Customer Service",1
111877,F,1999,66678,1998-08-15,1999-08-15,"Customer Service",1
111877,F,1999,67470,1999-08-15,2000-08-14,"Customer Service",1
111939,M,1999,53051,1998-07-08,1999-07-08,"Customer Service",1
111939,M,1999,57454,1999-07-08,2000-07-07,"Customer Service",1
111940,M,1999,80123,1998-09-20,2002-09-19,"Customer Service",1
111942,F,1999,66715,1994-05-02,1999-05-01,"Customer Service",1
111943,M,1999,80123,1993-02-28,1999-02-27,"Customer Service",1
111944,F,1999,66715,1995-02-03,2001-02-01,"Customer Service",1
111945,F,1999,86715,1994-02-01,1999-01-31,"Customer Service",1
111946,M,1999,80488,1998-01-31,2000-01-31,"Customer Service",1
111947,M,1999,79393,1996-02-01,2001-01-30,"Customer Service",1
111948,F,1999,69758,1997-01-31,2002-01-30,"Customer Service",1
111952,M,1999,80123,1996-05-28,2000-05-27,"Customer Service",1
112000,M,1999,80000,1998-05-29,2000-06-23,"Customer Service",1
112001,F,1999,81354,1998-05-29,1999-05-29,"Customer Service",1
112001,F,1999,83546,1999-05-29,2000-06-27,"Customer Service",1
112002,F,1999,64853,1999-05-29,2000-05-29,"Customer Service",1
110022,M,2000,101592,1999-12-29,2000-12-28,Marketing,1
110022,M,2000,109485,2000-12-28,2001-12-28,Marketing,1
110039,M,2000,101350,1999-04-09,2000-04-08,Marketing,1
110039,M,2000,106901,2000-04-08,2001-04-08,Marketing,1
110042,M,2000,85000,1993-12-30,2000-12-28,Marketing,1
110044,F,2000,86722,1995-10-13,2000-10-11,Marketing,1
110045,M,2000,89722,1997-02-03,9999-01-01,Marketing,1
110046,F,2000,90722,1996-12-29,2002-12-28,Marketing,1
110050,F,2000,84000,1999-05-27,2000-05-27,Marketing,1
110051,M,2000,68788,1999-05-29,2000-05-27,Marketing,1
110085,M,2000,86394,1999-12-29,2000-12-28,Finance,1
110085,M,2000,93298,2000-12-28,2001-12-28,Finance,1
110114,F,2000,79679,1999-01-11,2000-01-11,Finance,1
110114,F,2000,80423,2000-01-11,2001-01-10,Finance,1
110116,F,2000,84458,1995-08-02,2000-07-31,Finance,1
110117,M,2000,83460,1997-12-29,2002-12-28,Finance,1
110119,M,2000,90008,1999-10-12,2002-10-11,Finance,1
110120,M,2000,88500,1997-02-03,9999-01-01,Finance,1
110121,M,2000,83687,1999-12-29,2000-12-28,Finance,1
110121,M,2000,84687,2000-12-28,2004-12-27,Finance,1
110122,F,2000,85687,1995-01-06,2001-01-04,Finance,1
110123,M,2000,88687,1998-08-09,2001-08-08,Finance,1
110124,M,2000,65000,1993-06-08,2001-06-06,Finance,1
110125,M,2000,68458,1995-12-30,2000-12-28,Finance,1
110126,M,2000,89985,1999-05-29,2000-05-27,Finance,1
110127,M,2000,91500,1999-05-29,2000-05-29,Finance,1
110127,M,2000,92000,2000-05-29,2005-05-29,Finance,1
110183,F,2000,74584,1999-12-29,2000-12-28,"Human Resources",1
110183,F,2000,77367,2000-12-28,2001-12-28,"Human Resources",1
110228,F,2000,61684,1999-08-01,2000-07-31,"Human Resources",1
110228,F,2000,62596,2000-07-31,2001-07-31,"Human Resources",1
110229,M,2000,53103,1994-11-25,2001-11-23,"Human Resources",1
110231,M,2000,61068,1996-09-07,2001-09-06,"Human Resources",1
110232,M,2000,67666,1997-12-30,9999-01-01,"Human Resources",1
110233,M,2000,68814,1997-11-24,2003-11-23,"Human Resources",1
110235,M,2000,61615,1995-07-06,2000-07-04,"Human Resources",1
110236,F,2000,64205,1995-05-04,2000-05-02,"Human Resources",1
110237,M,2000,70676,1994-10-01,2000-09-29,"Human Resources",1
110238,F,2000,66000,1997-05-15,2000-05-27,"Human Resources",1
110239,M,2000,82654,1997-05-29,2000-05-27,"Human Resources",1
110240,F,2000,75345,1999-05-29,2000-05-29,"Human Resources",1
110240,F,2000,78345,2000-05-29,9999-01-01,"Human Resources",1
110303,F,2000,68483,1999-12-29,2000-12-28,Production,1
110303,F,2000,70157,2000-12-28,2001-12-28,Production,1
110344,F,2000,73754,1999-11-19,2000-11-18,Production,1
110344,F,2000,73864,2000-11-18,2001-11-18,Production,1
110386,M,2000,62207,1999-10-12,2000-10-11,Production,1
110386,M,2000,69392,2000-10-11,2001-10-11,Production,1
110420,M,2000,53868,1999-02-03,2000-02-03,Production,1
110420,M,2000,58773,2000-02-03,2001-02-02,Production,1
110425,M,2000,60273,1992-12-30,2001-12-28,Production,1
110428,M,2000,48236,1996-02-20,2001-02-18,Production,1
110429,F,2000,51053,1998-06-13,2004-12-27,Production,1
110430,M,2000,66050,1999-05-29,2000-05-27,Production,1
110511,M,2000,74350,1999-12-29,2000-12-28,Development,1
110511,M,2000,78285,2000-12-28,2001-12-28,Development,1
110567,F,2000,66307,1999-10-18,2000-10-17,Development,1
110567,F,2000,70300,2000-10-17,2001-10-17,Development,1
110568,M,2000,79785,1990-01-05,2003-08-20,Development,1
110570,F,2000,58466,1997-04-07,2001-04-06,Development,1
110571,M,2000,61378,1999-02-28,9999-01-01,Development,1
110574,F,2000,56205,1998-11-29,2003-11-28,Development,1
110575,F,2000,60384,1995-03-26,2000-09-17,Development,1
110576,M,2000,66249,1998-02-27,2000-02-27,Development,1
110578,F,2000,69846,1999-03-12,2000-01-21,Development,1
110579,F,2000,72654,1999-05-29,2000-05-29,Development,1
110579,F,2000,75654,2000-05-29,9999-01-01,Development,1
110725,F,2000,90487,1999-12-29,2000-12-28,"Quality Management",1
110725,F,2000,92779,2000-12-28,2001-12-28,"Quality Management",1
110765,F,2000,64237,1999-01-05,2000-01-05,"Quality Management",1
110765,F,2000,65921,2000-01-05,2001-01-04,"Quality Management",1
110800,F,2000,77088,1999-08-09,2000-08-08,"Quality Management",1
110800,F,2000,77384,2000-08-08,2001-08-08,"Quality Management",1
110854,M,2000,67367,1999-06-07,2000-06-06,"Quality Management",1
110854,M,2000,74035,2000-06-06,2001-06-06,"Quality Management",1
110855,M,2000,78376,1994-05-14,2000-05-12,"Quality Management",1
110859,F,2000,82606,1996-12-29,2002-12-28,"Quality Management",1
110863,M,2000,82606,1995-05-14,2001-05-12,"Quality Management",1
110868,M,2000,81606,1995-12-30,2000-12-28,"Quality Management",1
110869,M,2000,82306,1999-05-29,2000-11-27,"Quality Management",1
111035,M,2000,94765,1999-12-29,2000-12-28,Sales,1
111035,M,2000,100290,2000-12-28,2001-12-28,Sales,1
111133,M,2000,100072,1999-12-27,2000-12-26,Sales,1
111133,M,2000,104766,2000-12-26,2001-12-26,Sales,1
111136,M,2000,92441,1994-06-13,2001-06-11,Sales,1
111138,M,2000,100873,1996-03-26,2001-03-25,Sales,1
111139,M,2000,82205,1995-07-19,9997-06-15,Sales,1
111140,F,2000,86880,1999-06-12,2000-06-11,Sales,1
111140,F,2000,92709,2000-06-11,2003-06-11,Sales,1
111142,M,2000,104766,1999-01-21,2000-01-21,Sales,1
111147,F,2000,84485,1995-10-06,2001-10-04,Sales,1
111149,M,2000,83654,1999-05-29,2000-05-27,Sales,1
111150,F,2000,64535,1995-05-29,2000-05-29,Sales,1
111150,F,2000,68543,2000-05-29,2005-04-27,Sales,1
111400,M,2000,101416,1999-12-29,2000-12-28,Research,1
111400,M,2000,104971,2000-12-28,2001-12-28,Research,1
111534,F,2000,76352,1999-01-28,2000-01-28,Research,1
111534,F,2000,78032,2000-01-28,2001-01-27,Research,1
111536,M,2000,80993,1999-09-21,9999-06-15,Research,1
111539,F,2000,66462,1996-06-12,2001-06-11,Research,1
111541,M,2000,80993,1998-03-26,2001-03-25,Research,1
111542,M,2000,83393,1997-07-18,9999-06-15,Research,1
111543,M,2000,84193,1997-06-12,2003-06-11,Research,1
111545,F,2000,75432,1999-05-29,2001-05-29,Research,1
111692,F,2000,72573,1999-12-29,2000-12-28,"Customer Service",1
111692,F,2000,72421,2000-12-28,2001-12-28,"Customer Service",1
111784,F,2000,54138,1999-02-09,2000-02-09,"Customer Service",1
111784,F,2000,54183,2000-02-09,2001-02-08,"Customer Service",1
111877,F,2000,67470,1999-08-15,2000-08-14,"Customer Service",1
111877,F,2000,70158,2000-08-14,2001-08-14,"Customer Service",1
111939,M,2000,57454,1999-07-08,2000-07-07,"Customer Service",1
111939,M,2000,63698,2000-07-07,2001-07-07,"Customer Service",1
111940,M,2000,80123,1998-09-20,2002-09-19,"Customer Service",1
111944,F,2000,66715,1995-02-03,2001-02-01,"Customer Service",1
111946,M,2000,80488,1998-01-31,2000-01-31,"Customer Service",1
111947,M,2000,79393,1996-02-01,2001-01-30,"Customer Service",1
111948,F,2000,69758,1997-01-31,2002-01-30,"Customer Service",1
111952,M,2000,80123,1996-05-28,2000-05-27,"Customer Service",1
112000,M,2000,80000,1998-05-29,2000-06-23,"Customer Service",1
112001,F,2000,83546,1999-05-29,2000-06-27,"Customer Service",1
112002,F,2000,64853,1999-05-29,2000-05-29,"Customer Service",1
112002,F,2000,68654,2000-05-29,2001-05-29,"Customer Service",1
112003,F,2000,59867,2000-05-29,2002-05-29,"Customer Service",1
112004,M,2000,91546,2000-05-29,2004-05-29,"Customer Service",1
